:020000040800F2
:1000000000060020E1020008E3020008E302000805
:10001000E3020008E3020008E3020008E30200082C
:10002000E3020008E3020008E30200085D81000823
:10003000E3020008E3020008E3020008E30200080C
:10004000E3020008E3020008E3020008E3020008FC
:10005000E3020008E3020008519000087D900008C8
:10006000A9900008D59000080191000849500008A7
:10007000715000089D500008C9500008F550000854
:100080001D51000849510008E3020008E30200087E
:10009000E3020008E3020008E30200082D910008D3
:1000A000E3020008E3020008E3020008E30200089C
:1000B000E3020008E3020008E3020008E30200088C
:1000C000E3020008E3020008E3020008E30200087C
:1000D000E3020008E3020008E302000819920008A6
:1000E00091910008E3020008E3020008E30200081F
:1000F000E3020008E3020008E3020008755100086B
:10010000E3020008E302000855920008E302000839
:10011000E30200082D920008E3020008E302000851
:10012000A1510008C9510008F551000821520008EA
:100130004D520008E3020008E3020008E302000851
:10014000E3020008E3020008E3020008E3020008FB
:1001500075520008A1520008CD520008E3020008C1
:10016000E3020008E3020008E3020008E3020008DB
:10017000E3020008318D0008E3020008E3020008F2
:10018000E3020008E302000841920008E3020008CD
:10019000E3020008E3020008E3020008E3020008AB
:1001A000E3020008E3020008E3020008E30200089B
:1001B000E3020008E3020008E3020008E30200088B
:1001C000E3020008E3020008E3020008E30200087B
:1001D000E30200081D8D0008E3020008E3020008A6
:1001E000E3020008E3020008E3020008E30200085B
:1001F000E3020008E3020008E3020008E30200084B
:10020000E3020008E3020008E3020008E30200083A
:10021000E3020008E3020008E3020008E30200082A
:10022000E3020008E3020008E3020008E30200081A
:1002300005920008E3020008E3020008E302000858
:10024000E3020008E3020008E3020008E3020008FA
:10025000E3020008E3020008E3020008E3020008EA
:10026000E3020008E3020008E3020008E3020008DA
:10027000E3020008E3020008E3020008E3020008CA
:10028000E3020008E3020008E3020008E3020008BA
:10029000E3020008E3020008E3020008E3020008AA
:1002A000E3020008E3020008E3020008E30200089A
:1002B000E3020008E3020008E3020008E30200088A
:1002C000E3020008E3020008E3020008E30200087A
:1002D000E3020008E3020008E3020008E30200086A
:1002E00002E000F000F8FEE772B6374880F30888B5
:1002F000364880F3098836483649086040F20000E5
:10030000CCF200004EF63471CEF200010860BFF36B
:100310004F8FBFF36F8F40F20000C0F2F0004EF637
:100320008851CEF200010860BFF34F8FBFF36F8F8B
:100330004FF00000E1EE100A4EF63C71CEF20001E3
:100340000860062080F31488BFF36F8F07F068FF02
:1003500007F0C4F84FF055301F491B4A91423CBF8B
:1003600041F8040BFAE71D49184A91423CBF41F895
:10037000040BFAE71A491B4A1B4B9A423EBF51F83D
:10038000040B42F8040BF8E700201849184A914280
:100390003CBF41F8040BFAE707F080FF07F020F9B3
:1003A000144C154DAC4203DA54F8041B8847F9E7A6
:1003B00000F052FE114C124DAC4203DA54F8041B0B
:1003C0008847F9E707F068BF0006002000220020F8
:1003D0000000000808ED00E00000002000060020FA
:1003E00020A600080022002074220020782200208D
:1003F0003C670020E0020008E0020008E00200087C
:10040000E00200082DE9F04F2DED108AC1F80CD064
:10041000D0F80CD0BDEC108ABDE8F08F002383F338
:1004200011882846A047002006F03CFEFEE706F0B3
:1004300093FD00DFFEE7000053B94AB9002908BF69
:1004400000281CBF4FF0FF314FF0FF3000F06AB9B9
:10045000ADF1080C6DE904CE00F006F8DDF804E01B
:10046000DDE9022304B070472DE9F047089D0E46F0
:1004700004460F46002B4AD194468C45B2FA82F2CC
:1004800060D942B1C2F12003974020FA03F30CFA7D
:1004900002FC1F4394404FEA1C4E1FFA8CF6B7FB38
:1004A000FEF1230C0EFB117743EA074301FB06F034
:1004B00098420AD91CEB030301F1FF3780F0158144
:1004C000984240F21281023963441B1AA4B2B3FB72
:1004D000FEF00EFB103344EA034400FB06F6A6428E
:1004E0000AD91CEB040400F1FF3380F00081A6421E
:1004F00040F2FD806444023840EA0140A41B002120
:100500001DB1D4400023C5E90043BDE8F0878B420C
:1005100005D90DB1C5E9000100210846F5E7B3FA98
:1005200083F1002946D1B34202D3824200F2F58022
:10053000841A66EB030201201746002DE5D0C5E9B9
:100540000047E2E7002A40F09380A1EB0C034FEA5A
:100550001C471FFA8CFE0121B3FBF7F607FB163090
:10056000230C43EA00430EFB06F0984208D91CEB2B
:10057000030306F1FF3802D2984200F2D0804646CB
:100580001B1AA4B2B3FBF7F007FB103344EA034491
:100590000EFB00FEA64508D91CEB040400F1FF3356
:1005A00002D2A64500F2B6801846A4EB0E0440EA3B
:1005B0000640A5E7C1F120078B4022FA07FC4CEA70
:1005C000030C06FA01FE20FA07F426FA07F344EAC0
:1005D0000E0400FA01F84FEA1C404FEA1449B3FB3D
:1005E000F0FE1FFA8CF600FB1E3349EA03430EFBB4
:1005F00006F9994502FA01F20BD91CEB03030EF13F
:10060000FF3A80F08580994540F28280AEF1020E7B
:100610006344A3EB0909A4B2B9FBF0F300FB1399FF
:1006200044EA094403FB06F6A64208D91CEB04047D
:1006300003F1FF3068D2A64266D9023B644443EA24
:100640000E40A41BA0FB02E6B4427346B14652D34F
:100650004FD05DB1B8EB030264EB090404FA07F76D
:1006600022FA01F31F43CC40C5E9007400214CE796
:10067000C2F1200120FA01F30CFA02FC26FA01F182
:10068000964033434FEA1C471FFA8CFEB1FBF7F04C
:1006900007FB1016190C41EA064100FB0EF68E42CC
:1006A00004FA02F408D91CEB010100F1FF382DD245
:1006B0008E422BD902386144891B9BB2B1FBF7F6FD
:1006C00007FB161143EA014306FB0EF1994208D9D4
:1006D0001CEB030306F1FF3814D2994212D9023EF3
:1006E00063445B1A46EA004136E73946EDE61846B0
:1006F00002E7F045ADD2BEEB020366EB0C06013813
:10070000B146A6E74646ECE7034698E74046D3E7FE
:10071000D6467EE76444023847E708460DE7023EC6
:1007200063442DE7704700BF11F0FF01034600F05E
:10073000030239D08ABB026810B501EB012E0EEB23
:100740000E4E8EEA0204A2F1013323EA0203A4F161
:10075000013222EA0402134313F0803F0FD150F814
:10076000044F84EA0E0CA4F10133ACF1013223EA08
:10077000040322EA0C02134313F0803FEFD0037806
:1007800023B936E010F8013F002B32D09942F9D15D
:1007900010BD8A4228D09A0729D01A78184601330A
:1007A000002AF6D110467047CAB90268A2F1013397
:1007B00023EA020313F0803F08D150F8042FA2F17E
:1007C000013323EA020313F0803FF6D003785BB1D4
:1007D00010F8013F002BFBD17047990705D0184650
:1007E00013F8012B002AF8D170471846DDE71846A8
:1007F000A1E7184610BD00BF80EA0102844612F04E
:10080000030F4FD111F0030F32D14DF8044D11F009
:10081000040F51F8043B0BD0A3F101329A4312F0BC
:10082000803F04BF4CF8043B51F8043B16D100BF95
:1008300051F8044BA3F101329A4312F0803FA4F126
:1008400001320BD14CF8043BA24312F0803F04BFAD
:1008500051F8043B4CF8044BEAD023460CF8013B1A
:1008600013F0FF0F4FEA3323F8D15DF8044B7047C4
:1008700011F0010F06D011F8012B0CF8012B002A02
:1008800008BF704711F0020FBFD031F8022B12F0F1
:10089000FF0F16BF2CF8022B8CF8002012F47F4FAC
:1008A000B3D1704711F8012B0CF8012B002AF9D1B4
:1008B000704700BF88420ED98B1883420BD900EBDA
:1008C000020C002A6ED0624613F801CD02F801CD69
:1008D0009942F9D170470F2A0FD8034602F1FF3C25
:1008E000002A5FD00CF1010C013B8C4411F8012B64
:1008F00003F8012F6145F9D1704740EA01039B07D6
:1009000051D1A2F1100370B501F1200C23F00F05B5
:1009100001F1100E00F11004AC441B095EF8105CEC
:1009200044F8105C5EF80C5C44F80C5C5EF8085C03
:1009300044F8085C5EF8045C44F8045C0EF1100EA8
:10094000E64504F11004E9D1013312F00C0F01EB7C
:10095000031102F00F0400EB031328D0043C24F031
:1009600003064FEA940C1E441C1F8E465EF8045B7F
:1009700044F8045FB442F9D10CF1010402F003021F
:1009800003EB840301EB840102F1FF3C4AB10CF15B
:10099000010C013B8C4411F8012B03F8012F614538
:1009A000F9D170BD704702F1FF3C03469AE7224639
:1009B000EAE700BF40EA01039B0710B501D1032A13
:1009C00017D8844601F1FF3E07E01EF8011F03F827
:1009D000011B541E29B19C4622466346002AF4D1CD
:1009E00010BD9444002CFBD003F8011B6345FBD1E0
:1009F00010BD8E468446DEF80040A4F1013323EAA0
:100A0000040313F0803F71460EF1040EDAD1043A6C
:100A1000032A4CF8044BEED87146D3E701292DE99F
:100A2000F0415BD94FF00108C64600244FF0FF3576
:100A3000434608E0A3EB05081C464FF0010E04EB0B
:100A40000E03994210D900EB050CC75C1CF80E6030
:100A5000B742EFD332D04FF001082546C646444492
:100A600004EB0E039942EED80127C2F80080BE467F
:100A700000244FF0FF363B4607E09F1B1C464FF01B
:100A8000010E04EB0E03994210D900EB060C10F88E
:100A900003801CF80EC0E045EFD817D0012726468A
:100AA000BE463C4404EB0E039942EED80136681C66
:100AB000864201D317603046BDE8F081C6450ABFC3
:100AC00074440EF1010E4FF0010EB8E7BE450ABFA7
:100AD00074440EF1010E4FF0010ED2E701270026FB
:100AE000E8E700BF2DE9F04F164685B003AA0D4692
:100AF0000746194630461C46FFF790FFDDF80CA06C
:100B00000246804606EB0A01304600F027FA2A1B0F
:100B1000002852D101468446A4EB0A0BC8F1010912
:100B2000CDF804A08845434638BF0B469C4219D9EE
:100B30005D1E03EB0C003544384402E001339C4257
:100B400010D010F801EB15F801AFF245F6D09C4239
:100B500008D9CC449C4400219445E3D9002005B039
:100B6000BDE8F08F884508F1FF3367D908EB0C002A
:100B7000384406EB0805CDF8008002E08B4212D025
:100B8000534615F8018D10F801EDF04503F1FF3AD9
:100B9000F4D0DDF8008001330131994208D8019B7F
:100BA00059469C44D8E701319942DDF80080F6D9D6
:100BB00007EB0C0005B0BDE8F08FA4EB0801414540
:100BC00038BF4146444501F101014FF0000C31D9D5
:100BD00008F1FF3EC8F101090CEB080006EB0E0519
:100BE0003844434602E001339C4223D010F801AB65
:100BF00015F801BFD345F6D09C421BD9CC449C4488
:100C00009445ABD84445E7D806EB08090CEB08053A
:100C10003D44484601E0B342CAD010F801AD15F892
:100C200001EDF2450346F6D08C44944596D84445F0
:100C3000CED8EBE7B8F1000FE6D1B9E74346ABE712
:100C40002DE9F04F1546ADF21C4D06468A4605AA21
:100C5000194628460093FFF7E1FE009B80460DF2FF
:100C6000144142F8043F8A42FBD15C1E002B00F085
:100C7000CE80691E04EB050C06AF11F8010F5A1A5D
:100C8000013A2A44614547F82020F6D1DDF814B036
:100C9000009305EB0B014246284600F05FF9009BEC
:100CA0000146AAEB030A00285CD1A3EB0B03C8F1B1
:100CB00001020093CDE901B20346A9460AE021B141
:100CC00001999142009988BF0A46134453454FF059
:100CD000000142D806EB030C1CF8042057F8222030
:100CE000002AECD18845424638BF0A46A24212D2B9
:100CF000551ED0184D44304402E00132A2420AD0C1
:100D000010F801EB15F801BFF345F6D0A24202D26C
:100D100002990B44D9E7884508F1FF327BD908EBEB
:100D20000300304409EB0805CDF80C8002E08A424C
:100D30006AD05A4615F8018D10F801EDF04502F120
:100D4000FF3BF4D0DDF80C8001320131914260D8D4
:100D5000019A009913445345BCD900200DF21C4D53
:100D6000BDE8F08FA3EB080343454FF0000C38BFFC
:100D7000434606EB0C0001330193035D57F8233023
:100D800008F1FF39C8F1010B4BB19C44D445E4D8BC
:100D900006EB0C00035D57F82330002BF5D1A0457E
:100DA00017D208EB0C02324405EB09014346CDF89B
:100DB00000C002E00133A34223D012F801CB11F8A6
:100DC00001EFE645F6D0DDF800C0A34238BFDC44B1
:100DD000DBD3B8F1000FC1D008EB0C01314405EBB7
:100DE0000802CDF800C001E0AB42B7D012F801ED27
:100DF00011F801CDE6451346F6D0DDE900C39C4469
:100E0000C4E7DDF800C0E4E7DDF80C809DE706AF3D
:100E10003CE76046A2E7424697E700BF2DE9F0476E
:100E20000446C0B0002B6AD0012B0D4690461F46E9
:100E300000F086808B425ED8CD1A022B00EB0506AF
:100E400061D0B3F5807F00F282804FF48072002180
:100E500068465D1E01F0FCFB98F800100122404638
:100E60000B4610F8011FA1EBC303DBB20DF8032002
:100E700001329542F4D808EB07034FF0000A13F84B
:100E8000022C18F80530A3EBC203DBB21DF8039067
:100E90000DF80350A5EB0909B44201D92BE063B961
:100EA0002C44A64214F8013C94F800C0ACEBC30CEF
:100EB0005FFA8CFC1DF80C30F1D29D42A4EB0304C8
:100EC000EAD80F2D07D9042208EB0A0104EB0A0027
:100ED00000F044F860B92A464146204600F03EF84A
:100EE00068B1BAF1030F8CBFAAF1040AA7F1050A91
:100EF0004C44B442D4D9002040B0BDE8F08720462D
:100F000040B0BDE8F08713785078217840EA03407C
:100F1000234613F8012F9E4242EA01421BD390421E
:100F2000EDD0013601E0904208D013F8011F9E4237
:100F300041EA0242F7D18242DDD13346581EDBE757
:100F400011782A4640B0BDE8F04700F035B840B00F
:100F5000BDE8F04774E61E46EDE700BF032A30B453
:100F600015D941EA0004A40784460B4604D0541E58
:100F70000FE0043A032A08D91946604653F8044B97
:100F80005CF8045BA542F4D0F1E760461946541EB4
:100F90007AB1431E0139021901E09A4209D013F8CF
:100FA000010F11F801CF6045F7D0A0EB0C0030BC69
:100FB0007047002030BC704701F0FF01102A2BDB86
:100FC00010F0070F08D010F8013B013A8B422DD0EA
:100FD00010F0070F42B3F6D1F0B441EA012141EA23
:100FE000014122F007047FF000070023F0E80256D9
:100FF000083C85EA010586EA010685FA47F5A3FA69
:1010000087F586FA47F6A5FA87F68EB9EED1F0BCD9
:1010100001F0FF0102F0070232B110F8013B013A82
:1010200083EA010313B1F8D10020704701387047FB
:10103000002D06BF35460338073815F0010F07D1DC
:10104000013015F4807F02BF013015F4C03F01303C
:10105000F0BC0138704700BF38B501F0EFF901F07E
:10106000ADFB06F063FF054607F06EF8044610BBC3
:10107000134B9D4222D001339D4241F2883504BF7B
:101080000124002501F048FC20B10025032000F0D8
:1010900069F82C46002006F053FF0CB100F078F8F8
:1010A00001F02CFB00F01EFD08B100F071F828469D
:1010B00000F028F9F9E700250124E3E70546E1E718
:1010C000010007B008B501F087F9A0F120035842EC
:1010D000584108BD07B541F21203022101A8ADF83D
:1010E000043001F095F903B05DF804FB38B5302306
:1010F00083F31188174803680BB106F0B7F8002393
:10110000154A4FF47A71134806F0A6F8002383F3CA
:101110001188124C236813B12368013B2360636874
:1011200013B16368013B63600D4D2B7833B963687D
:101130007BB9022001F04AFA322363602B78032B3B
:1011400007D163682BB9022001F040FA4FF47A739B
:10115000636038BD88230020ED1000087C23002048
:1011600084230020084B187003280CD8DFE800F017
:1011700008050208022001F019BA022001F006BA9F
:10118000024B00225A607047842300207C230020F9
:10119000F8B501F0C1FB30B1524B03221A700022A6
:1011A000514B5A60F8BD514B514A1C4619680131E8
:1011B000F8D004339342F9D162684E4B9A42F1D988
:1011C0004D4B9B6803F1006303F500339A42E9D26B
:1011D000002001F04DF90220FFF7C4FF474B00212A
:1011E000D3F8E820C3F8E810D3F81021C3F81011A1
:1011F000D3F81021D3F8EC20C3F8EC10D3F8142165
:10120000C3F81411D3F81421D3F8F020C3F8F01068
:10121000D3F81821C3F81811D3F81821D3F8802077
:1012200042F00062C3F88020D3F8802022F00062F0
:10123000C3F88020D3F88020D3F8802042F00072D9
:10124000C3F88020D3F8802022F00072C3F88020F9
:10125000D3F8803072B64FF0E023C3F8084DD4E9DC
:101260000004BFF34F8FBFF36F8F254AC2F884107D
:10127000BFF34F8F536923F480335361BFF34F8F14
:10128000D2F8803043F6E076C3F3C905C3F34E339A
:101290005B0103EA060C29464CEA81770139C2F862
:1012A0007472F9D2203B13F1200FF2D1BFF34F8FAC
:1012B000BFF36F8FBFF34F8FBFF36F8F536923F46B
:1012C000003353610023C2F85032BFF34F8FBFF396
:1012D0006F8F302383F31188854680F30888204779
:1012E00060E700BF842300207C2300200000020868
:1012F00020000208FFFF01080022002000440258DD
:1013000000ED00E02DE9F04F95B0DFF8DCB22022CF
:10131000FF2101900CA8DBF8086001F099F9AD4AB3
:101320001378A3B90121AC4811700360302383F313
:10133000118803680BB105F099FF0023A74A4FF409
:101340007A71A54805F088FF002383F31188019B7B
:1013500013B1A34B019A1A60A24A1378032B03D04E
:10136000002313709E4A53604FF00009019DCA4646
:101370004C46C846012001F019F925B1984B1B686D
:10138000002B00F01982002001F026F80590059B43
:10139000002BF2DB012001F0F9F8059B213B1F2B0C
:1013A000E8D801A252F823F02914000851140008CB
:1013B000E31400087513000875130008751300087E
:1013C000691500082917000843160008A51600082B
:1013D000CD160008F316000875130008051700085D
:1013E0007513000877170008C71400087513000864
:1013F000BF17000835140008C7140008751300084B
:10140000A516000875130008751300087513000869
:10141000751300087513000875130008751300088C
:1014200075130008E31400080220FFF74BFE0028A4
:1014300040F00581019BB9F1000F08BF1D4641F244
:101440001233022107A8ADF81C3000F0E1FF91E74C
:101450004FF47A7000F0C0FF071EEBDB0220FFF7AD
:1014600031FE0028E6D0013F052F00F2D081DFE8F1
:1014700007F0030A0D1013350523042107A807936D
:1014800000F0C6FF17E004215748F9E70421574848
:10149000F6E704215648F3E74FF01C08404608F1F0
:1014A000040800F0E7FF0421079007A800F0B0FF50
:1014B000B8F12C0FF2D101234FF00008BB404AEAEB
:1014C00003035FFA83FA01F00FF924B10AF00B036A
:1014D0000B2B08BF0025FFF7FDFD4BE70421454816
:1014E000CEE7002CA6D00AF00B030B2B5ED1022016
:1014F000FFF7E8FD0446002858D00120002700F03F
:10150000B7FF0220FFF72EFE1FFA87F9484600F0CA
:10151000BFFF054688B9334B01222E4602201A70C0
:1015200001F034F8DBF80830B34216D800262D4B12
:10153000A1461E702A4B5E60C5E7059948460137F3
:10154000A1F140025142514100F0B2FF054600288E
:10155000DAD1A14641F2121373E7304600F08AFF58
:101560000130F6D10436DDE7002C3FF463AF0AF01A
:101570000B030B2B1AD10220FFF7F4FD322000F0F1
:101580002BFF071E12DB17F003030FD1BA19DBF88C
:1015900008108A420AD8B7F5807F07D8164A9F42BA
:1015A00006DCC820FFF78EFD044638BB012441E766
:1015B0004FF47A70CDE9023200F00EFF05900599E4
:1015C0000029FFF637AF0599039A029B02F8011B29
:1015D0000133E4E77823002088230020ED10000881
:1015E0007C230020842300200022002004220020ED
:1015F000082200200C220020782200201F2E11D863
:10160000C6F120020CAB26F003008249BA4218440E
:1016100028BF3A46029200F0FBFF029AFF217D4864
:1016200001F016F8BB10C7F387027A4930460293DF
:1016300001F016F800288DD0029B06EB83060446C5
:1016400041E70220FFF73EFD00283FF4F3AE00F033
:101650004DFF00283FF4EEAE00273B4612E01F2F5F
:101660001AD80C9A013217D027F0030250326A447C
:1016700052F8200C07900422184607A901F036F909
:1016800004370346DBF80820BA42E8D80793042160
:1016900007A800F0BDFE16E73846029300F0EAFE08
:1016A000029BE7E70023642106A8069300F0A8FE4A
:1016B00000287FF4BFAE0220FFF704FD00283FF4AE
:1016C000B9AE069800F008FF0790E0E70023642118
:1016D00006A8069300F094FE00287FF4ABAE02202B
:1016E000FFF7F0FC00283FF4A5AE069800F0F6FEE8
:1016F000EAE70220FFF7E6FC00283FF49BAE00F08B
:1017000005FFE1E70220FFF7DDFC00283FF492AE81
:1017100007A9142000F000FF07460421069006A840
:1017200000F076FE3946B3E7322000F055FE071E82
:10173000FFF680AEBB077FF47DAE07EB0803DBF856
:10174000082093423FF676AE0220FFF7BBFC00284C
:101750003FF470AE27F003074744B8453FF4B3AEFB
:10176000404608F1040800F085FE0421079007A810
:1017700000F04EFEF1E74FF47A70FFF7A3FC00286B
:101780003FF458AE00F0B2FE00283FF4E3AE0C9BED
:1017900001330CD008220CA9002000F061FF0028C2
:1017A0003FF4D8AE2022FF210CA800F051FFFFF734
:1017B00091FC194805F07CFC15B0BDE8F08F002CB9
:1017C0003FF438AE0AF00B030B2B7FF433AE00234B
:1017D000642107A8079300F013FE074600287FF452
:1017E00029AE0220FFF76EFC029000283FF422AEE3
:1017F000FFF770FC41F2883005F05AFC079800F0C2
:10180000BBFF3D4600F070FF029B1C46B2E54FF067
:1018100000080FE678220020A08601007047000033
:1018200070470000704700002DE9F04100F5803757
:10183000044616463B7C5BB9C0681030204400F07B
:10184000E7FEE5683544B5F5004FE56002D816B10E
:10185000BDE8F081DEB905F07F0605F1100000213A
:10186000C6F180062044F6B232462E4400F0F0FE67
:10187000A06804F11008324600F10060414600F50E
:10188000003006F0E9F830B901233B74E0E74FF48B
:1018900000463546ECE7A36805F11001E2684046D2
:1018A00033442144521BA360E26000F0B1FE0220E9
:1018B000BDE8F04100F08ABE183000F0DFBC000047
:1018C00010B5044601F0A8F8204610BD10B5044636
:1018D00001F0A2F8204610BDC0B2A0F14103052BD3
:1018E00002D83738C0B27047A0F16103052B94BF0E
:1018F00057383038F6E7000070B5044615460846FC
:1019000003220C4900F08EFE014688B907346E1C94
:1019100015F91100FFF7E0FF024616F91100013139
:10192000FFF7DAFF102940EA021004F8010FEFD1A7
:1019300070BD00BFD49B00082DE9F04FADF53F7D91
:101940004168074601222AA802F038FF064600280F
:101950007BD1824681461125DFF80C81DFF80CB17E
:1019600001AB4FF4805241462AA803F077F80446B1
:1019700000286AD1019AB2F5805F66D8002A69D042
:10198000019A9442ECD2282D0FD008DC132D2DD0D3
:101990001E2D39D0112D13D00134A4B2F0E7322D11
:1019A0002DD0372D2FD02D2DF6D13B68121B08EBF3
:1019B000040138461B692D259847BDF80440EBE724
:1019C000121B022A09D9594608EB040000F02AFE2E
:1019D00018B902342825A4B2DEE718F804303A2BEF
:1019E00033D00A2B1CBFA1461325D5E718F80430C5
:1019F0000A2B2AD03A2B04BFA2463225CCE718F88E
:101A00000430202BC8D0264618F804300A2B1AD1EF
:101A1000AAEB090208EB090102A811254F2A28BFE9
:101A20004F22FEF7C7FFA21B08EB060116A84F2A9C
:101A300028BF4F22FEF7BEFF3B6816AA02A9DB684B
:101A400038469847A8E71E25A6E700200DF53F7DFC
:101A5000BDE8F08F3B68384602491B699847012072
:101A6000F4E700BF649C0008A0230020D89B000876
:101A700030B500F11805044685B0284600F0E8FBB3
:101A80002046FFF759FF60B12946684600F03EFC4A
:101A9000102204F108016846FFF760FAB0FA80F0FE
:101AA000400905B030BD000070B504460025EEB217
:101AB000304600F0EDFC48B92046FFF73DFF58B135
:101AC00004F58034207C80F0010006E000213046DF
:101AD000013500F0EDFC08B9002070BD022000F0D7
:101AE00075FDE4E7F0B5C9B006F038FA00F0B0FFD4
:101AF00018B90025284649B0F0BD69462A4803F0C8
:101B000073F800284BD1294C204603F09DF8284853
:101B100003F09AF8274803F097F82146224803F08B
:101B20000FF90028E5D1702000F070FF064610B1D3
:101B3000214B44600360336830469B6898470546F4
:101B400000282ED01A4F1948394603F0F9F80546F7
:101B50000028CED1194800F059FF044638B1184B7F
:101B60004760036000F58033C0E902551D742368A7
:101B700020469B689847054628B10E490C4803F05B
:101B8000DFF80028B5D1336830465B6898471CB150
:101B9000236820465B68984700F042FFAAE70025CB
:101BA000FAE70446EFE700BFDC9B0008EC9B000867
:101BB000039C0008199C00081C9D000814000100EB
:101BC000389D00082DE9F04FD34A8DB0D1F800A020
:101BD00003685244D0F804E0D04E1A44D1F81C9067
:101BE000DFF8B0C3DFF8B0B3D0E90234634003EAF2
:101BF0000E03634013444A6801920EEB7363019C29
:101C0000C74A2244C468224484688EEA04051D4001
:101C1000654015448A68029203EB3555029CC14A1F
:101C20002244846822448EEA03042C4084EA0E0491
:101C30001444CA6805EBF4340392164483EA05029F
:101C4000224076445A4032440E69049604EBB22294
:101C5000049FB54E3E441E4485EA040313406B4086
:101C600033444E69059602EB7363059FAF4E3E44C5
:101C70002E4484EA02051D40654035448E6906966F
:101C800003EB3555069FAA4E3E44264482EA0304E0
:101C90002C4054403444A74E4E4405EBF4341644D3
:101CA00083EA050222405A4032440E6A079604EB4A
:101CB000B222079FA04E3E441E4485EA040313400F
:101CC0006B4033444E6A089602EB7363089F9B4E49
:101CD000D1F838803E442E4484EA02051D40654018
:101CE00035448E6AA6F5244703EB355509964F3FD8
:101CF000274482EA03042C4054403C44CF6A0A97AC
:101D000005EBF4340A9E8E4F37440E6B174483EA7A
:101D100005020B9622405A403A448A4F374404EB5E
:101D2000B222019E1F4485EA040313406B403B44EA
:101D30004F6BBC4402EB7363AC4484EA02051D4064
:101D400065406544DFF854C2C44403EB3555A444F0
:101D500082EA03042C4054406444D1F83CC07A49E0
:101D600005EBF4346144114483EA050222405A40F1
:101D70000A44764904EBB2223144069E194484EAAF
:101D800002032B4063400B44714902EBF36331447F
:101D90000A9E0D4482EA03012140514029446D4DC1
:101DA00003EBF1513544059E254483EA01041440B8
:101DB0005C402C44684D01EBB4445544154481EA21
:101DC00004021A404A402A44644D04EB323235443E
:101DD000099E1D4484EA02030B4063402B44604D7E
:101DE00002EBF3633544049E0D4482EA0301214073
:101DF000514029445B4D03EBF1516544254483EA8E
:101E0000010414405C402C44574D01EBB44435446C
:101E1000089E154481EA04021A404A402A44534D60
:101E200004EB32323544039E1D4484EA02030B4026
:101E300063402B444E4D02EBF36345440D4482EA6C
:101E400003012140514029444A4D03EBF1513544EF
:101E5000079E254483EA010414405C402C44464D0F
:101E600001EBB4443544029E154481EA04021A4051
:101E70004A402A44414D04EB32323D441D4484EA39
:101E800002030B4063402B443D4D02EBF3633544AA
:101E90000B9E0D4482EA0301B344059E2140934406
:101EA00051402944374D03EBF1514D442C4483EA12
:101EB000010515405D40254401EBB54581EA050467
:101EC00004EA03024A405A44A6F5B82B079E05EBE4
:101ED0003232ABF2BE6B54409B442B4B5C443344D8
:101EE0000A9E02EB34740B4485EA020161401944F6
:101EF000264B334404EB7151019E2B4482EA0405C6
:101F00004D401D44224B434401EB35451A4484EABD
:101F100001036B40134443E078A46AD7EECEBDC101
:101F200056B7C7E8DB702024AF0F7CF52AC6874779
:101F3000134630A8019546FDD8988069AFF7448BC9
:101F4000BED75C892211906B2108B44962251EF628
:101F500040B340C0515A5E26AAC7B6E95D102FD6DD
:101F60005314440281E6A1D8C8FBD3E7E6CDE121B2
:101F7000D60737C3870DD5F4ED145A4505E9E3A913
:101F8000F8A3EFFCD9026F6781F6718722619D6D1E
:101F90000C38E5FD937198FD8A4C2A8D8E4379A605
:101FA000904A324405EB7323049E224481EA0504DF
:101FB0005C4014448C4A324403EB3474099E0A4456
:101FC00085EA030161401144884A4A4404EB715197
:101FD000154483EA04024A402A44854D354401EB06
:101FE0003242039E2B4484EA010555401D44814B37
:101FF0003B4402EB7525234481EA02046C401C44F7
:102000007D4B534405EB3474194482EA0503634065
:102010000B447A49314404EB7353069E0A4485EA23
:10202000040159401144764A324403EB3141089E81
:102030002A4484EA03054D401544724A324401EBB8
:1020400075250B9E144483EA01026A4022446E4CBB
:10205000344405EB3272029E234481EA0504544065
:102060001C446A4B634402EB74540B4485EA02013E
:1020700061401944664B334404EB3141059E1D44D5
:1020800082EA04034B402B44624D01EB7323554419
:10209000154463EA04024A402A445F4D03EBB262EE
:1020A0004D44254462EA01045C402C445B4D02EB44
:1020B000B45445440D4464EA030151402944584D49
:1020C00004EB714135440B9E1D4461EA02036340F9
:1020D0002B44544D01EBF3233544039E154463EA2E
:1020E00004024A402A44504D03EBB2623544254471
:1020F00062EA01045C402C44099DA5F5801602EBC0
:10210000B4544A4DA6F683360E4464EA03015140A6
:102110003144019E04EB71413544079E1D4461EA40
:10212000020363402B44424D01EBF3233544069EEA
:10213000154463EA04024A402A443E4D03EBB2626E
:102140006544254462EA01045C402C443A4D02EBAC
:10215000B4543544049E0D4464EA030151402944BB
:10216000364D04EB71413D442B4461EA0205654064
:102170001D44334B01EBF52533440A9E1A4465EAAE
:1021800004034B4013442F4A05EBB3633244029ED1
:10219000144463EA01026A4022442B4C03EBB2521E
:1021A0003444089E0C4462EA050159402144274CFE
:1021B00002EB71413444254461EA030454402C4449
:1021C00005682B4403600EEB010303EBF42343602B
:1021D00083681944C3681A448160C2600DB0BDE8C9
:1021E000F08F00BF44EABEA4A9CFDE4B604BBBF624
:1021F00070BCBFBEC67E9B28FA27A1EA8530EFD40B
:10220000051D880439D0D4D9E599DBE6F87CA21FF6
:102210006556ACC4442229F497FF2A43A72394AB04
:1022200039A093FCC3595B6592CC0C8FD15D84853A
:102230004F7EA86FE0E62CFE144301A3A111084EC7
:10224000827E53F735F23ABDBBD2D72A91D386EBC3
:10225000094B036003F18833436003F12943A3F57D
:102260009613A3F68B638360A3F18833C3600023C6
:10227000C0E90433704700BF012345672DE9F843E7
:102280001446026905460E46E300C2F3C50800F194
:1022900018079B18036122BF43690133436112F49D
:1022A000FC7F436903EB5473436114D0C8F14009C8
:1022B00007EB08004C4504D22246BDE8F843FEF780
:1022C000F9BA403C4A464E44FEF7F4FA44443946D3
:1022D0002846FFF777FCA04606EB0409B8F13F0F4C
:1022E000A9EB080106D824F03F0104F03F0238466C
:1022F0003144E2E740223846FEF7DCFA3946284608
:10230000A8F14008FFF75EFCE8E7000070B50B6934
:1023100001F1180506460C46C3F3C503EA18501C24
:102320008022EA54C3F13F02072A1FD8002100F09F
:102330008FF929462046FFF745FC38220021284620
:1023400000F086F9236929462046236563696365A1
:10235000FFF738FC214610223046FEF7ABFA204644
:1023600058220021BDE8704000F072B9C3F1370275
:102370000021E5E72DE9F0474FF47A7706460D4650
:1023800000245743DFF84880DFF8489098F9003080
:102390005A1C01D0A3420FD159F824002A463146D5
:1023A0000368D3F820A03B46D047854204D1074BB1
:1023B00001201C70BDE8F0870134042CE6D14FF4F5
:1023C000FA7004F075FE0020F4E700BFD03300205F
:1023D0001022002014220020002307B5024601210C
:1023E0000DF107008DF80730FFF7C4FF20B19DF80D
:1023F000070003B05DF804FB4FF0FF30F9E7000081
:102400000A46042108B5FFF7B5FF013808BD0000F2
:10241000074B0A4630B419780546064B53F821009D
:1024200029460368DC69044BA44630BC604700BF02
:10243000D033002014220020A086010070B50A4E7F
:1024400000250A4C05F0AAFA3080206833888342C0
:1024500008D905F09FFA236805440133B5F5003F1C
:102460002360F2D370BD00BFC8330020CC330020FE
:1024700005F076BB00F1006000F5003000687047A1
:1024800000F10060920000F5003005F0E5BA0000B0
:10249000054B1A68054B1B889B1A834202D91044CE
:1024A00005F078BA00207047CC330020C8330020F4
:1024B00038B5084D0446286829B128682044BDE88D
:1024C000384005F081BA204405F06AFA0028F4D0BB
:1024D00038BD00BFCC3300200020704700F1FF5012
:1024E00000F58F10D0F8000870470000064991F8F9
:1024F000243033B100230822086A81F82430FFF722
:10250000BFBF0120704700BFA0330020014B1868F7
:10251000704700BF0010005C194B1A4A70B51D6867
:10252000431E0420C5F30B040B442D0C013808D1C5
:102530009942084610D30524134A013C15D1401A8C
:1025400070BD1688A6420ED152680846013A9842DC
:10255000F1D212F9014F1CB92C2200F8012BEAE745
:1025600000F8014BF3E70832E0E71688AE4204D1E9
:1025700098423CBF967800F8016B0432DDE700BF5B
:102580000010005C242200204C9D0008022804D189
:10259000054B4FF000629A6170470128FCD1024B55
:1025A0004FF08062F7E700BF000C0258022804D108
:1025B000054B4FF400629A6170470128FCD1024B31
:1025C0004FF48062F7E700BF000C0258022805D1E3
:1025D000064A536983F40063536170470128FCD1B4
:1025E000024A536983F48063F6E700BF000C025887
:1025F00070B504464FF47A7604B970BD412C254677
:1026000028BF412506FB05F0641B04F051FDF3E7EC
:10261000002310B5934200D110BDCC5CC4540133EB
:10262000F8E70000013810B510F9013F3BB191F90E
:1026300000409C4203D11AB10131013AF4E71AB1CA
:1026400091F90020981A10BD1046FCE7FFF7FEBF75
:1026500002440346934200D1704703F8011BF9E797
:102660002DE9F8431F4D14460746884695F8242067
:1026700022B9DFF870906CB9012009E02B6A03EBF6
:1026800082038342F5D0FFF731FF0028F1D100200B
:10269000BDE8F88395F824302BB92022FF21484665
:1026A0002F62FFF7D5FF95F824004146C0F10802DC
:1026B00005EB8000A24228BF2246D6B29200FFF767
:1026C000A7FF95F82430A41B17441E449044E4B29D
:1026D000F6B2082E85F82460CDD1FFF707FF002859
:1026E000C9D1D4E7A0330020024B1A78024B1A70EC
:1026F000704700BFD033002010220020F8B5194CDD
:10270000194803F0DBFF2146174804F003F824685A
:102710004FF47A70154ED4F89020154DD2F8043845
:10272000114F43F00203C2F80438FFF761FF20465F
:10273000104904F0FDF8D4F890200524D2F80438AC
:1027400023F00203C2F804384FF4E1333360013C54
:1027500000D1F8BD55F8040BB842F8D0314603F06B
:102760000BFFF4E784A40008A84B0020D43300201A
:10277000142200208CA40008F8B50C4B05460C4E22
:102780001F780C4B56F827209A420DD00A4C002196
:1027900018222046FFF75CFF214656F827002560E7
:1027A000BDE8F84003F0E8BEF8BD00BFD03300201C
:1027B00014220020A84B0020D43300202DE9F0473C
:1027C00071B6464B01201D68454BB3F800800023CD
:1027D0001A46194602F020FE0446802005F060FAF1
:1027E000074670B36CB33F4EADB24FF0800A7369C9
:1027F000284643F0C0637361D6F8143143F0C063D8
:10280000C6F8143105F0C6F805EB080205FB00F325
:102810004FF03D0C00FB02FE4FF4D0609E4513D8F4
:10282000204602F039FE384605F076FA2D4B5A69FB
:1028300042F0C0625A61D3F8142142F0C062C3F87A
:10284000142161B6BDE8F08731694A012CD4D6F86D
:102850001011490128D4226803F1006191602168B8
:10286000CF602168C1F804A021680860D4F8009006
:10287000D9F8001041F00101C9F80010D4F8009017
:10288000D9F8001021F01E01C9F80010D4F800900A
:10289000D9F80010CA07FBD494F80C908033626812
:1028A0000CFA09F11160B9E70F4B9A6A42F4007211
:1028B0009A629A6A42F400429A6261B60026012046
:1028C00005F04EF9464503D3002005F049F9A7E786
:1028D000A819013605F078F8F4E700BFCC330020E2
:1028E000C83300200020005200ED00E030B50A445B
:1028F000084D914200D130BD11F8013B58400823EA
:1029000040F30004013B2C4013F0FF0384EA500025
:10291000F6D1EEE72083B8EDF7B5364A6B4610687E
:1029200051686A4603C3082333493448FEF776FAF0
:10293000044618B30369B3F5F01F54D8418B42F233
:102940004872914251D12E4A024402F110018B4249
:102950004DD3103B294900209D1AFFF7C7FF04F112
:10296000180106462A460020FFF7C0FFA3689E42D2
:1029700002D1E368984232D00D2500E00A25214AB1
:102980006B46106851686A4603C308231E491B48FA
:10299000FEF744FA044618B30369B3F5F01F1FD8D5
:1029A000B0F8661042F24872914219D1144A0244BA
:1029B00002F15C018B4213D35C3B104900209E1A4C
:1029C000FFF794FF04F16401074632460020FFF749
:1029D0008DFFA3689F4203D1E368984200D1002590
:1029E000284603B0F0BD0B25C9E70C25C7E7102525
:1029F000C5E700BF5C9C0008DCFF1D00000002086A
:102A00000800FEF7659C000890FF1D000121884228
:102A100038BF084605F07CB908B105F07DB97047AC
:102A200010B5084C01220849002001F0A3FE2378CC
:102A30003BB1064803F010FD044803F04BFD0023B2
:102A4000237010BDEC3300206E9C0008CC380020B1
:102A50001C482DE9F041036D2BB901224FF4805140
:102A6000503005F0BFFA184D2B780BB1FFF7D8FFA7
:102A70000324164F4FF00008124E14493046C7F891
:102A8000048003F019FD304603F048FB40B1013CDF
:102A90000C4803F01FFD14F0FF04EED120460EE0B9
:102AA0000B4901220B4801F065FE014618B10548AB
:102AB00003F0D2FCEBE7084800F010F80120287082
:102AC000BDE8F081CC380020EC3300203C2200200F
:102AD0006E9C0008F0330020709C00080FB40020AA
:102AE00004B0704700687047034600685968704733
:102AF0000B0A017043700B0C090E8370C170704794
:102B0000110A027003714170110C120E8170C270B3
:102B10001A0A42711A0C1B0E8271C37170470000B1
:102B2000C36A0239023B8B4283BF4389006C01FBBD
:102B30000300002070470000034600F10B01002055
:102B4000C20142EA500213F8010B50FA82F28B42A2
:102B5000D0B2F5D17047000010B54278044600208D
:102B6000013203465201022B17BFC103032341EA7E
:102B70005001E05C03F101031CBF10FA81F188B23F
:102B80009A42F0D810BD0000036893B11A4612F8BB
:102B9000011B1F290AD93A29F9D11978302908D1FE
:102BA00002339A4205D1026000207047024B187828
:102BB00070474FF0FF3070473C36002038B50D4667
:102BC000044618B9092000232B6038BD0368002B88
:102BD000F8D01A78002AF5D08188DA889142F1D1AC
:102BE000587804F0FFFB10F00100EBD12368EBE70D
:102BF00038B5C3780446C3B100F14C05826C01239B
:102C00004078294604F014FC88B9A16CA36B226BB0
:102C1000CB1AE070934208D2A378022B05D10A4464
:102C200001232946607804F003FC002038BD012010
:102C3000FCE7000038B50D4640F25231144602F070
:102C400089F9FF2807D9012C0BD9030A02246870DF
:102C50002B70204638BD30B1002CFAD001242870EA
:102C6000F7E70024F5E70446F3E700002DE9F84311
:102C70000025076806460C468D76836B002B48D0EE
:102C80003B78042B4AD12B462E464FF0400821E0DA
:102C9000B8F5187F25D218F01F0F05F1010508BF00
:102CA00008F1020832F8080008F102082BB900F513
:102CB000205292B2B2F5006F0BD306F11A01C6F1A1
:102CC000FF0240EA03402144FFF7B4FF48B1064445
:102CD000002003463A6992F82310A942D8D803B9D4
:102CE00016B93F230126A37600232644B3766373E7
:102CF0003A69137903F03701DB0621730BD402F133
:102D00003800FFF7F1FEC4E9000193896381D3899C
:102D10002381BDE8F88300200146F4E7C36C01334A
:102D20004ED1F16B00232E264D1E184615F8012FAB
:102D30000130202A0CD0052A08BFE522092804D139
:102D40000B2B9EBFE71801337E73E71801337A73AC
:102D50000B28EBD1E21800205073A27E002A3BD151
:102D60008BB304F10C0308255A78581C002A42D171
:102D70001B1B0C3B2AE0B9F1000F05D100F52053D5
:102D80009BB2B3F5006F0BD308F11A01C8F1FF0233
:102D900040EA09402144FFF74DFF40B18044002044
:102DA00002358146FB68585B0028E4D14046B9F102
:102DB000000F4FF0000218BF002023189A76B0E7EA
:102DC000A946A846EEE73F23A37601232344002229
:102DD0009A760B7B03B96373CB7A01F11C0003F085
:102DE0003F0323730023FFF77DFE20606360CB8ADF
:102DF00063810B8B8CE72E2A134609D0413A192A9E
:102E000003D80A7B154200D0203343730346ABE757
:102E10001025FAE738B50546002435F8020B08B945
:102E2000204638BD02F0C8F8E303C2B2C0F3072061
:102E300043EA540312FA83F3C3F34E0444EAC3345F
:102E400010FA84F4A4B2E8E7C2F307238A76CB76BB
:102E50000378032B01BF120C0A75120A4A757047DA
:102E600038B5836C05460C468B4210D0FFF7C0FE88
:102E700060B92246012305F14C01687804F0B4FAE8
:102E800000281CBF4FF0FF340120AC6438BD002087
:102E9000FCE7000038B500230446C3704FF0FF3351
:102EA0008364FFF7DDFF00284BD1B4F84A524AF69D
:102EB00055239D4207D10B22254904F14C00FEF712
:102EC0004DF800283FD094F84C30EB2B03D018334A
:102ED000DBB2012B2ED84AF655239D4206D108229B
:102EE0001C4904F19E00FEF739F848B3B4F8573096
:102EF000B3F5007F1ED194F85930DBB15A1E1A4247
:102F000018D1B4F85A30ABB194F85C30013B012BC6
:102F100010D8B4F85D306BB1B4F85F307F2B06D8B1
:102F200004F16C00FFF7DEFDB0F5803F02D3B4F88A
:102F3000623053B94AF65520854214BF032002205F
:102F400038BD0420FCE70120FAE70020F8E700BFC5
:102F50009B9C0008A79C000802392DE9F04701F06E
:102F600007044FF0010A466C05460AFA04F41746B6
:102F7000984606EB1136C1F3C809E4B2314628463B
:102F80000136FFF76DFF18B10120BDE8F0879946C3
:102F900005EB090292F84C30234214BF01210021B5
:102FA000414513D06340013F82F84C3085F803A0BF
:102FB000EBD0640014F0FF04EAD109F1010301240D
:102FC0004FF00009B3F5007FE1D3D7E70220DCE73B
:102FD0000129F8B50C4640F28C800668F36A8B42F2
:102FE00040F287803378013B032B00F28280DFE8D8
:102FF00003F00229384B01EB5105B16B304601EB70
:103000005521FFF72DFF10B14FF0FF30F8BD6F1CB9
:10301000C5F30805B16B3046354401EB572195F8EF
:103020004C50FFF71DFF0028EED1C7F308073744C7
:1030300097F84C3045EA0320E3074CBF0009C0F382
:103040000B00E3E7B16B304601EB1421FFF708FFFB
:103050000028D9D1640004F4FF743444B4F84C005F
:10306000D4E7B16B304601EBD411FFF7F9FE00282D
:10307000CAD1A40006F14C0004F4FE742044FFF70A
:1030800031FD20F07040C1E7D0E90431C57953EA41
:10309000010201D0826802B95DBB8268022D778986
:1030A000A4EB02020CD1013B41F1FF315B0A43EA80
:1030B000C153B3FBF7F39A421BD81CD0601CA5E7A1
:1030C000032D02D183699342F8D8C3699BB9B16BD0
:1030D000304601EBD411FFF7C3FE002894D1A000C5
:1030E0004C3600F4FE703044FFF7FCFC20F000404A
:1030F0008CE701208AE76FF0004087E7F8B50568A4
:1031000006460C462B78042B14BF4FF400124FF0E8
:1031100080528A4201D80220F8BDCA06FBD18268DB
:10312000016312BB022B12D82B89B3EB541FF2D9C7
:10313000E86BC6E90D200028EDD000EB54204C359B
:10314000C4F30804B06300202544F563E4E7EB6BA7
:10315000C271002BE8D06F891A467F02BC4211462B
:1031600005D22846FFF7DCFCE3E71346F3E73046D9
:10317000FFF72EFF431C024606D00128CBD9EB6A8D
:103180008342C8D9E41BE9E70120C5E701292DE9FD
:10319000F84306460C46154608D9C36A8B4205D942
:1031A0000378022B5BD003D8012B20D0022068E0EB
:1031B000033B012BFAD8816B01EBD411FFF750FED2
:1031C00000285ED13346A40013F84C2B04F4FE749F
:1031D000042A07D0181925F07045FFF783FC00F08A
:1031E0007040054329461819FFF782FC2BE001EBDC
:1031F0005107816B01EB5721FFF732FE002840D1C8
:1032000014F0010406F14C0807F10109C7F308079F
:10321000EBB230461FBF18F8072002F00F0242EA57
:103220000313DBB208F807300123B16BF37001EB35
:103230005921FFF715FE20BBC9F308093CB1C5F3BE
:10324000071508F8095001230020F37019E018F859
:103250000930C5F3032523F00F031D43F1E7816B0C
:1032600001EB1421FFF7FCFD58B9640006F14C0393
:1032700004F4FF741D551A19C5F307250123557071
:10328000F370BDE8F8830000F8B504460E46174613
:10329000E3690BB91846F8BD012BA6EB03052068BE
:1032A00014BFAA1C3A46691CFFF770FF0028F2D130
:1032B000E369013BE361EBE770B5C3790446032B97
:1032C00001D0002070BD81688369CD18A94202D168
:1032D0000023E371F5E74E1C20683246FFF756FFE6
:1032E0000028EFD13146F1E701292DE9F8430646E0
:1032F0000C461746056802D80220BDE8F883EB6A41
:103300008B42F9D97AB9A14621463046A046FFF74B
:103310005FFE0446B0B92B78042B02D1002F44D1B4
:10332000F7710020E9E72B78042B02D1C379022B37
:10333000E9D04FF0FF3239462846FFF727FF002833
:10334000E1D0DAE70128D7D0421C01D10120D4E72F
:103350002B78042B10D1EA6AAB69023A934213D35B
:1033600008F10102A24203D02B78042B13D0A1460E
:10337000EB6AA342C8D8CEE7002241462846FFF7B1
:1033800005FF0028E7D0B8E70133AB612B7943F0A4
:1033900001032B71E4E70023A2EB0902494628460A
:1033A000FFF7DAFD0028E2D0A7E7F3798BB9B4681C
:1033B000BC4202D10223F371B3E721463046FFF746
:1033C00007FE012898D9431CC0D001348442EFD0B5
:1033D000A7E7032BA5D1B368BB42A2D8B2691344B7
:1033E000BB42E7D29DE700002DE9F84305460E46B3
:1033F000FFF7FEFB0446002849D105F14C09314690
:1034000028464FF40072FFF78BFB2146A86407465D
:103410004846FFF71DF96C896402B4F5004F28BFD8
:103420004FF40044B4F5007F2FD9204604F078FC17
:10343000804688B122460026640A0021FFF708F979
:103440006B899E420AD3404604F07AFC6889801B4F
:1034500018BF0120BDE8F8836408E3E72346BA19E2
:103460004146687803F0E4FF0028ECD12644E7E702
:1034700001366B899E42E9D20123BA194946687820
:1034800003F0D6FF0028F3D0E0E70026F1E70120A3
:10349000E0E70000F8B50446FFF7AAFB0546002860
:1034A00042D12378032B37D12779012F34D104F16E
:1034B0004C0601464FF400723046FFF7C9F8552319
:1034C0004122722184F84A32AA2304F50D7084F84F
:1034D0004F2084F84B32522384F8301284F84C3059
:1034E00084F84D30612384F8311284F84E3084F82A
:1034F0003332A16984F83222FFF7FAFA616904F5E0
:103500000E70FFF7F5FA626B3B4631460132607888
:10351000A26403F08DFF257100226078114603F04C
:10352000ABFF003818BF0120F8BD00002DE9FF41B6
:1035300000230F4616460B60FFF726FB051EC0F260
:10354000B5817E4B53F82540002C00F0B1813C60E2
:1035500006F0FE0623786BB1607803F043FFC707DF
:1035600008D40EB1460703D4002004B0BDE8F081B2
:103570000A20FAE7E8B200236070237003F01EFF10
:10358000C50700F197810EB14107F1D40021204613
:10359000FFF780FC022840F095806E4604F212236B
:1035A00004F25221324618461033FFF79BFA42F8D4
:1035B000040B8B42F7D1002556F8041B002978D064
:1035C0002046FFF767FC012874D80128A26C40F060
:1035D000BB8004F156010B2311F8015F002D76D159
:1035E0000133402BF8D1B4F8B430B3F5807F6ED1FD
:1035F00094F8B830092B6AD104F19400FFF774FAFB
:103600004FF0FF33161841F10001B34275EB01038F
:103610005DD304F1A000FFF765FA94F8BA30206397
:10362000012BA37053D194F8B900834098B2608104
:1036300000284CD004F1A800FFF754FA8046404817
:10364000804544D808F1020062639BB2E06204F155
:10365000A400FFF747FA871804F19C002764FFF7DE
:1036600041FA024408FB03F0A263C01945EB0503CD
:10367000864271EB03032AD32E4604F1AC00FFF718
:1036800031FAE06365B96389B34220D9E16B204622
:10369000FFF746FA81192046FFF7E2FB80B90136B1
:1036A000631993F84C30812B13D02035C5F30805EE
:1036B000E8E703200135042D7FF47EAF042806D10E
:1036C000012052E70428FBD001287FF67EAF0D20B1
:1036D0004BE705F1140004F14C063044FFF702FA01
:1036E00001280546F3D9E36A8342F0D96189821E35
:1036F000236C02FB01336364A16B204601EBD511FF
:10370000FFF7AEFB0028DBD105F07F0006EB800061
:10371000FFF7E8F9421C03D00135A842ECD0D6E708
:103720000425C4E90500074A2570138801339BB2BC
:103730001380E3800023E36116E700BF40360020DA
:10374000FDFFFF7F3E360020B4F85730B3F5007F11
:10375000BDD1B4F8621021B904F17000FFF7C2F9CD
:10376000014694F85C5021636B1EA570012BAED806
:1037700094F85980A4F80A80B8F1000FA7D008F196
:10378000FF3313EA080FA2D1B4F85D703B0727811D
:103790009DD1B4F85F0018B904F16C00FFF7A2F9ED
:1037A000B4F85A30002B92D001FB05FC03EB171E36
:1037B000E64470458BD3A0EB0E054545B5FBF8F606
:1037C00085D33D48864282D84FF6F57086425CD854
:1037D00040F6F575AE428CBF022501250236134432
:1037E00002EB0E00032DE6626263A36320644ED1F8
:1037F000B4F876303B437FF46AAFB30004F178004D
:10380000FFF770F903F2FF13E063B1EB532FFFF4FE
:103810005EAF4FF0FF33032DC4E905334FF0800353
:10382000237180D1B4F87C30012B7FF47CAF511C24
:103830002046FFF715FB00287FF475AFB4F84A2245
:103840004AF6552320719A427FF46DAF1B4B04F169
:103850004C00FFF747F998427FF465AF03F1FF533F
:1038600004F50C70FFF73EF903F50053203398423E
:103870007FF459AF04F50D70FFF734F9A06104F53A
:103880000E70FFF72FF960614DE70325A6E7002FC3
:103890003FF41DAF022D03EB0C004FEA46031EBFA1
:1038A0009B1906F0010606EB5303ABE70B205CE621
:1038B0000C205AE6032058E6F5FFFF0F52526141F3
:1038C0002DE9F84F06460568884649B96F69C7B1C2
:1038D000EB6ABB4298BF0127AB69A3B9002405E09E
:1038E000FFF776FB0128044603D801242046BDE8F3
:1038F000F88F421C00F0D580EB6A8342F6D8474629
:10390000EAE70127E8E72A78EB6A042A40F0838097
:10391000A7F1020A023B4FF0010B9A4528BF4FF076
:10392000000AD146696C284601EB1931FFF798FA75
:1039300000283BD109F00703EA6AC9F3C8010BFA72
:1039400003F3901EDBB26A184C4609F1010992F8A4
:103950004C20814502EA030233BF5B0000234FF491
:103960000071DBB228BF9946B2B90234631E03333B
:10397000BCD80123214628461A46FFF7EDFA022853
:10398000B3D0012800F08D80B8F1000F13D10223CD
:10399000F3710028A9D130E0CA450AD0002BD2D15A
:1039A0000131B1F5007FBDD20123CCE74FF0FF34E8
:1039B000DCE70024DAE7F379022B07D17B1CA34272
:1039C000E7D0B368FB1AB3610323F37108F1010276
:1039D000F369A24205D113B10133F361D9E70223A0
:1039E000FBE70BB90123F361224641463046FFF75E
:1039F0004BFC002852D10123F361EA6AAB69023A19
:103A00006C6193429CBF03F1FF33AB612B7943F0B0
:103A100001032B716AE7474515D17C1C3046A34250
:103A200098BF02242146FFF7D3FA01283FF45DAF87
:103A3000431C36D0F8B1D5F81490B9F1010F02D972
:103A4000EB6A994500D3B9464C460134EB6AA34270
:103A500004D8B9F1010F3FF441AF022421463046AA
:103A6000FFF7B6FA48B101283FF43FAF013018D054
:103A70004C45EAD132E7002CE5D04FF0FF32214629
:103A80002846FFF783FB48B9B8F1000FB5D02246AE
:103A900041462846FFF77AFB0028AED001287FF484
:103AA00024AF4FF0FF3421E72DE9F84306680446C0
:103AB000076B894633782037042B14BF4FF400136B
:103AC0004FF08053BB429CBF00238363836B73B171
:103AD000C7F30808B8F1000F3CD10133416B836391
:103AE00041B93389B3EB571F34D80023A3630420B3
:103AF000BDE8F8837389013B13EA57232AD1FFF706
:103B000067FA0128054601D80220F1E7421C01D1DD
:103B10000120EDE7F36A834216D8B9F1000FE4D033
:103B2000616B2046FFF7CCFE0546C8B10128EBD0FB
:103B3000431CEDD001463046FFF756FC0028E7D184
:103B4000E37943F00403E371294630466563FEF7E9
:103B5000E7FFA0634C36002027634644E663C7E7CF
:103B60000720C5E7F8B50E46002104460768FFF7B1
:103B7000C5FA98B90546A16B3846FFF771F968B9DF
:103B80003A78E36B042A1B780CD11B060ED5054648
:103B900001212046FFF788FF0028ECD0042808BF49
:103BA000072006E0E52B01D0002BF0D10135B5420E
:103BB000EED1F8BDC16CF8B54B1C04460568066B28
:103BC0001CD10127A16B2846FFF74AF990B92B7841
:103BD000E26B042B0ABF1378E52303F07F03137015
:103BE000EF70236BB3420DD200212046FFF75CFF3C
:103BF0000028E7D0042808BF022003E0FFF77EFA80
:103C00000028DED0F8BD0000F8B504460068A16BBE
:103C10000569FFF725F920B9E36B1A78852A01D0E9
:103C20000220F8BD2A4603F1200153F8040B8B4211
:103C300042F8040BF9D16E7801367601A6F16003E3
:103C4000B3F5007FECD800212046FFF72DFF0428B4
:103C5000E6D00028E5D1A16B2068FFF701F9002824
:103C6000DFD1E36B1A78C02ADAD105F1200203F123
:103C7000200153F8040B8B4242F8040BF9D195F85C
:103C800023300F222C33B3FBF2F3B6EB431FC7D321
:103C9000402700212046FFF707FF0428C0D0002856
:103CA000BFD1A16B2068FFF7DBF80028B9D1E36B27
:103CB0001A78C12AB4D1EA1903F1200153F8040B90
:103CC0008B4242F8040BF9D12037BE42E1D8284696
:103CD000FEF742FF6B88181A18BF01204000A0E7CA
:103CE0000B68002210B5036004460B6A83604B6AC0
:103CF000C261C37123F0FF03896AC0E90432C16461
:103D0000FFF7FCF920B92046BDE81040FFF77CBF63
:103D100010BD0000F8B50368054601271C69204660
:103D2000FEF71AFFA070000A6678E0702846E96C7A
:103D3000FFF7E4F920B1022828BF0220C0B2F8BD85
:103D4000A96B2868FFF78CF80028F4D1EB6B04F11D
:103D5000200254F8041B944243F8041BF9D12B6849
:103D6000DF70002EE7D000212846013EFFF79CFEC1
:103D7000E0E700002DE9F843FF2704460668042029
:103D80003D46A16B11B9D8B1042062E03046FFF77F
:103D900067F800285DD1E06B0378002BF4D032780F
:103DA000042A10D1852B4ED1236B2046E364FFF704
:103DB0002BFF00284DD133691B7903F03F03A3711A
:103DC0000020BDE8F883C27AE52B02F03F02A27121
:103DD00044D02E2B42D022F0200108293ED00F2AB9
:103DE00041D1590638D503F0BF05236B477BE36407
:103DF000437BBB4232D1428B82BB03780D21D6F884
:103E00000CE04FF6FF7923F04003DFF86C80013BB4
:103E10004B43012118F801CB30F80CC001B3FF2B44
:103E20001CD82EF813C06146013301320D2AF1D19E
:103E30000278520605D521B1FF2B0FD800222EF8AB
:103E40001320013DEDB200212046FFF72DFE002892
:103E500097D00023A363B4E7AB42C9D0FF25F2E7B4
:103E6000CC45E2D0FAE71DB9FEF766FEB842A7D00E
:103E70004FF0FF33E364A3E7DC9D00082DE9F04F2A
:103E8000002187B00446D0F80090FFF737F980464C
:103E900098BB99F80030042B36D1D9F80C00FEF706
:103EA000B9FF07462046FFF765FF054608B1804683
:103EB00023E0D9F810309A8CBA42F3D193F823B0AA
:103EC00040265D4510D0F106D9F8103008BF023603
:103ED000985B01F071F8D9F80C30824633F8150080
:103EE00001F06AF882450CD0EBB29B45DAD1D9F8E3
:103EF0000C3033F81530002BD4D1404607B0BDE864
:103F0000F08F02360135DCE74FF0FF334FF0FF0A48
:103F1000E364554604F140030293A16B4846FEF763
:103F20009FFF00285DD1E66B3778002F77D0F27ABB
:103F3000E52F02F03F03A37103D0120705D50F2B25
:103F400005D04FF0FF33E3644FE00F2B54D194F8CA
:103F50004B305B063FD4780645D5236B07F0BF078F
:103F600096F80DA0E364737B53453ED1738B002B11
:103F70003BD135780122D9F80C3005F03F05DFF848
:103F8000A8B001930D23013D5D431BF8013BF35A9B
:103F90006AB3FF2D29D81846059301F00DF8019B4F
:103FA000691C049033F81500039101F005F8049A98
:103FB00082421AD1059B03991A460D46194B9B451F
:103FC000E3D13378590604D51AB1019B33F8153083
:103FD0005BB9013FFDB200212046FFF765FD0028D7
:103FE0009BD0804689E7BD42BDD0FF25F3E74FF661
:103FF000FF718B42E2D0F8E72DB93046FEF79CFD09
:1040000050453FF47AAF94F84B30DB0799D40B223C
:1040100002993046FCF7A2FF002892D16DE74FF0DD
:1040200004086AE7E99D0008DC9D00082DE9F04FCF
:1040300090F84BB099B004461BF0A00540F06B819E
:104040000668F26832F81530002B4AD13378042B19
:1040500040F086800F230E352046B5FBF3F5A91CF2
:10406000FFF780FD8146002874D10135236BA3EB57
:104070004513E364E3795F0735D523F00403204655
:10408000E371FFF719F950BB4FF0FF32616B204627
:10409000FFF7FAF818BBA3682BB3214604A8FFF773
:1040A0001FFEE0B970894FF40071D4E90423E0FBEE
:1040B00001233069C4E904233830FEF721FD30695B
:1040C000D4E904232830FEF71BFDE379326904A804
:1040D00043F0010382F82130FFF71CFE18B181463E
:1040E00038E00135AEE7D6E903543F220021671CD2
:1040F0003846FEF7ADFA8523012040222370C02305
:104100004FF0C10E84F82030002319469846561C03
:1041100004F802E0023204F8068020B135F81300FA
:1041200008B10133DBB2060AA054BE540232D606EF
:10413000F3D135F8136001F1010C7EB90231284644
:1041400084F823306170FEF765FE84F82400000ACD
:1041500084F82500484619B0BDE8F08F6146D6E7DF
:1041600004F140070DF110081BF0010F97E807005C
:1041700088E8070000F0D78040234FF0010A84F858
:104180004B30BC46F368BAF1050F98E80700ACE87D
:1041900003002CF8022B4FEA12428CF800205DD964
:1041A000981E524630F8021F002946D1C446072106
:1041B00002F00F0E914612090EF13000392888BF27
:1041C0000EF1370001390CF8010D02D0B9F10F0FD3
:1041D000EED801F160037E200DEB030202F8580CCB
:1041E00004F13F0000228A4206D010F801CF02F10C
:1041F000010EBCF1200F33D13F3204F1470C2244B1
:10420000072997BF01F16003202001310DEB030066
:1042100098BF10F8580C02F8010F9445F0D12046D1
:10422000FFF72CFE8146002878D10AF1010ABAF185
:10423000640FA6D14FF007098CE74FF0100C01F086
:10424000010E49080EEB4202D30344BF82F48832C8
:1042500082F02102BCF1010CF1D1A3E75246A5E79F
:104260007246C0E7216B2046A1EB4511FEF746FFE1
:10427000814600287FF46EAF4FF6FF783846FEF790
:104280005BFC0190A16B3046FEF7EAFD81460028F9
:104290007FF460AFE36BE9B2019A4FF00D0CD6F8F2
:1042A0000CE05A734FF00F02DFF8E0A0DA724A1EFA
:1042B00018730CFB02F284469876D87640451AF8BB
:1042C000019B0CF1010C18BF3EF8120003EB090B27
:1042D00018BF013203F809004FEA1029002808BF6F
:1042E0004046BCF10D0F8BF80190E7D1404502D05C
:1042F0003EF812200AB941F0400119700123002153
:104300002046F370FFF7D0FB814600287FF422AFF0
:10431000013DB7D11BE04FF006091BE704287FF4ED
:1043200019AF84F84BB01BF0020F20461BBF0C35B1
:104330000D230125B5FBF3F518BF01352946FFF71D
:1043400011FC814600287FF405AF013D8AD1A16BA5
:104350003046FEF785FD814600287FF4FBAE01461E
:104360002022E06BFEF774F9E36B03CF186059600D
:10437000BA7839889A72198194F84B30E26B03F05D
:10438000180313730123F370E4E600BFDC9D0008FB
:1043900010B504460A463430FEF7A4FB886004F1E9
:1043A0003800FEF7A1FBC2E9040194F8213003F0C4
:1043B0000203D3710023D36110BD000003284B8B8F
:1043C00004BF8A8A43EA0243184670472DE9F04F3A
:1043D0000B7899B0054689462F2BD0F800B001D054
:1043E0005C2B09D14A461378914601322F2BFAD023
:1043F0005C2BF8D0002301E0DBF81C300022AB601E
:10440000EA619BF80020042A1ED1EBB1DBF82030D2
:10441000294604A82B62DBF824306B62DBF82830D5
:10442000AB62FFF75DFC0346002840F04B81DBF8F0
:10443000102002F13800FEF755FBC5E9040392F89D
:10444000213003F00203EB7199F800301F2B00F2CA
:10445000F88080230021284685F84B3019B0BDE84C
:10446000F04FFEF74BBE2F2800F075815C2800F05E
:1044700072817F2808D801469B480093FCF754F9C5
:10448000009B002840F02B81FF2F00F0288123F8AB
:1044900017400137D8E0022F03D15A882E2A00F0A6
:1044A000E68003EB470206E032F8021D202901D026
:1044B0002E2902D1013F002FF6D14FF0000103EB6E
:1044C000470223F81710002F00F00981002033F86D
:1044D000106001460130202EF9D009B92E2E02D1EC
:1044E00044F00304E4B232F8020D2E2801D0013F5B
:1044F000F9D14FF020324FF0000A6A64D0462A64A6
:10450000C5F847200822481C33F811600090002E9F
:1045100000F0FA80202E04D02E2E07D1B84200F0F1
:10452000E98044F00304E4B20099ECE7924580F09E
:10453000E4800099B94213D10B2A08D1E0E0009938
:10454000B94204D044F00304E4B200F2DD804FEA43
:1045500088080B224FF0080A00975FFA88F8E3E713
:104560007F2E3ED944F002013046CDE90232CBB273
:1045700040F25231019300F0EDFC10F0800F06463E
:10458000DDE9023214D000F07F0658498E5D46B155
:1045900031465748CDE90232FCF7C6F8DDE9023270
:1045A00008B301995F2641F00301C9B2019110E0FF
:1045B000FF28ECD9511E8A4504D344F003049246E7
:1045C000E4B2B1E705EB0A01000A0AF1010A81F839
:1045D000400005EB0A01019C0AF1010A81F84060E4
:1045E000A2E70194D4E7A6F1410189B2192902D8C2
:1045F00048F00208EDE7A6F1610189B219299EBFD2
:10460000203E48F00108B6B2E3E7002A08BF0520C3
:1046100058E05A0755D4AB79DB0662D59BF8000009
:10462000042852D1AB682946EA792B622B69DBF862
:10463000100023F0FF0313436B62EB6CAB62FFF7D8
:10464000A7FE2B680027DB6819F8010B58B140F270
:104650005231009300F09CFC044600283FD01F28F4
:10466000009B3FF600AF0424012F7FF414AF1A889B
:104670002E2A7FF416AF002205F13F0123F8172000
:1046800013469F4294BF20222E2201330B2B01F8A8
:10469000012FF6D144F02004E4B2284685F84B40BF
:1046A000FFF7ECFB95F84B300028B2D0042809D175
:1046B000990603F00402A8D5002AC2D0802385F809
:1046C0004B30002019B0BDE8F08F2B6B0BF14C0183
:1046D000C3F308031944FFF771FEA860B1E7062091
:1046E000F0E70520EEE700BFB09C00085C9D0008E5
:1046F000B99C00089245FFF41FAF0B2A7FF41FAF4F
:1047000044F003040B22E4B295F84030E52B04BFDB
:10471000052385F84030082A04BF4FEA88085FFA6D
:1047200088F808F00C030C2B03D008F00303032BCC
:1047300002D144F00204E4B2A007AED448F300036F
:1047400018F0040F03F0100343EA0403DCB218BFAF
:1047500044F00804A1E74A461478914601322F2C10
:10476000FAD05C2CF8D01F2C8CBF00240124A400AC
:104770007AE700BF1FB5CDE9001003A814460391E6
:10478000FEF702FA002815DB0B4A52F820300BB175
:1047900000211970019B0BB10021197042F82030E3
:1047A0002CB1002201A96846FEF7C0FE044620464F
:1047B00004B010BD0B24FAE7403600202DE9F04F7D
:1047C00099B0174605460191002800F0428102F099
:1047D0003F0A03A901A85246FEF7A8FE0446002896
:1047E00040F0E280039E4FF48C60049603F098FA48
:1047F0008046002800F02F8100F50073F0600199D9
:1048000004A83361FFF7E2FD044620B99DF95B304F
:10481000002BB8BF062417F01C0F00F08680002C78
:1048200047D0042C40F0BC8004A8FFF7FFFB0446EF
:10483000002840F0B5804AF0080A1AF0080F3378D3
:104840007FD0042B3FD1346929462E602046FFF7E4
:104850009FFD1E220021A01CFDF7FAFE30690021F9
:104860001A222630FDF7F4FE336920221A713469CA
:1048700003F092FA0146012208342046FEF738F987
:10488000336904A883F82120FFF744FA044600287E
:1048900040F08680A96849B102462846FEF724FD0B
:1048A000AF680446013F7761002C79D14AF0400A95
:1048B00047E09DF8163013F0110F40F0C6807C07DA
:1048C000BBD508246CE003F067FA02460146139852
:1048D0000E30FEF70DF9139811461630FEF708F961
:1048E00013993078FFF76AFD202300220746CB7228
:1048F00030461399FEF7A8FA139B00221A775A77CD
:104900009A77DA770123F370002FCFD0394604A8C5
:10491000D6F84890FEF7E8FC0446002840D1494606
:104920003046FEF79DFA0446BCE7002C38D19DF8CE
:104930001630D80600F18780B90702D5DA0700F1F2
:104940008480B36C1399AB64E9643078042831D166
:10495000069B29469DF817202B62089B306923F09F
:10496000FF0313436B62179BAB62FFF711FDF388E4
:104970000024002205F15009AB800023214648465F
:104980002E6085F830A085F831406C64C5E90E23AF
:104990004FF40072FDF75CFE1AF0200F15D10024D1
:1049A000404603F0CDF90CB100232B60204619B02E
:1049B000BDE8F08FFFF702FD0023A86001F11C00A5
:1049C000FEF790F86B612861D1E7D5E9047A57EAE0
:1049D0000A03E4D0B6F80AB0A9684FEA4B2BBB45EE
:1049E00074EB0A03C5E90E7A10D22846FEF7F0FAF6
:1049F000B7EB0B0701466AF1000A01281FD9431CD7
:104A00001FD0BB4574EB0A03EFD300242964002CAC
:104A1000C6D1C7F30803002BC1D03046FEF780F89B
:104A2000A8B17F0A0123494647EACA57C2196A64F6
:104A3000707802F0D9FC041E18BF0124B0E70224EC
:104A4000E4E70124E2E70424AAE70724A8E7022414
:104A5000A6E70924AAE71124A8E700002DE9F04FF2
:104A60009A4687B00023884605A90446CAF8003054
:104A70001646FEF7A3F8054690BB94F831507DBB6F
:104A800094F8303013F00103019300F0AB80D4E9C7
:104A90000432D4E90E011B1A62EB0102B34272F137
:104AA000000238BF1E4604F150030293C6B1D4E998
:104AB0000E01C0F30803002B40F08580DDF8149050
:104AC000430AB9F80A2043EAC153013A1A401AD1FD
:104AD000014309D1A06801280DD8022584F831507E
:104AE000284607B0BDE8F08F216C20460392FEF700
:104AF0006FFA039AEFE7431C04D10123019D84F868
:104B00003130EDE72064216C4846FEF709F80028B3
:104B1000E3D0B6F5007F02EB000733D3B9F80A10F3
:104B200002EB56204FEA562B884299F8010088BFC5
:104B3000A1EB020B3A4641465B4602F055FC0028C9
:104B4000DBD194F93020002A0BDA606CC01B584589
:104B500007D24FF4007204F1500108EB4020FDF73A
:104B600057FD4FEA4B27DAF80030F61BB8443B44B8
:104B7000CAF80030D4E90E32DB1942F10002C4E970
:104B80000E3293E7626CBA421CD094F9303004F1D3
:104B9000500199F80100002B0CDA0123039102F077
:104BA00047FC0028A9D194F83030039903F07F0323
:104BB00084F8303001233A4699F8010002F014FCE1
:104BC00000289AD16764A16B4046029BC1F308019B
:104BD000C1F500771944B74228BF37463A46FDF77A
:104BE00017FDC0E707257BE770B596B00E4600229B
:104BF000019002A901A8FEF799FC0446E0B94FF420
:104C00008C6003F08DF80546D8B1029B00F5007268
:104C10000199D86002A81A61FFF7D8FB044640B991
:104C20009DF95330002B0ADB1EB1314602A8FEF776
:104C30001DF8284603F084F8204616B070BD0624FF
:104C4000F7E71124F8E700002DE9F041B8B002229F
:104C5000019003A901A8FEF769FC044608BB039E66
:104C60004FF48C60109603F05BF80546002865D081
:104C700000F50073F060019910A83361FFF7A6FBFF
:104C8000044658B99DF88B309A0655D41B0653D468
:104C90009DF8468018F0010F07D00724284603F03E
:104CA0004FF8204638B0BDE8F08134780496042CE3
:104CB00013D104A93069FFF76BFB069F18F0100FA2
:104CC00011D110A8FEF776FF04460028E6D157BBA5
:104CD0003046FEF7DFFB0446E0E71F992046FFF76A
:104CE0006DFB0746EAE7F369BB42D6D0042C4FF0D0
:104CF000000124A82496269701BFDDE90823CDE909
:104D000028239DF817308DF89730FEF7F7F9044601
:104D10000028C3D124A8FFF72DF804460028BCD0F2
:104D20000428BBD1CDE70246394604A8FEF7DCFAD9
:104D300004460028B2D1CBE70624AFE71124B0E740
:104D40002DE9F041BCB0CDE900106846FDF71CFF2D
:104D5000022203A901A8FEF7E9FB0446002840D17E
:104D6000039E4FF48C60149602F0DAFF054600288B
:104D700000F0ED8000F5007314AFF0600199384643
:104D80003361FFF723FB044640BB9DF89B3013F0D3
:104D9000A00F40F0D8803378DDF80080042B67D175
:104DA000336904AC03F1400C1868083353F8041C51
:104DB0002246634503C21446F6D15022394628A83C
:104DC000FDF726FC414628A8FFF700FB0446002813
:104DD0004BD12A9A169B9A4207D00824284602F003
:104DE000AFFF20463CB0BDE8F081349A209B9A4248
:104DF000F3D128A8FFF71AF904460028EED1336949
:104E00000DF1100C93F8018093F823E09C8C62461E
:104E1000083303CABA4243F8080C43F8041C94460A
:104E2000F5D1336928A883F80180336983F823E03A
:104E3000336983F82440240A83F8254032691379C2
:104E4000D9065CBF43F020031371FEF763FF0446ED
:104E50000028C3D13846FEF7ADFE04460028BDD178
:104E60003046FEF717FB0446B8E70428B6D1C0E782
:104E7000239A04AB02F1200C1068083252F8041C8B
:104E80001C46624503C42346F6D15022394628A861
:104E9000FDF7BEFB414628A8FFF798FA0446002814
:104EA0004DD12A9A169B9A4297D1349A209B9A42C6
:104EB00093D128A8FFF7BAF8044600288ED1379975
:104EC0000DF11D030DF12D0001F10D0253F8044BFE
:104ED000834242F8044BF9D118884FF00108108042
:104EE0009B7893709DF81B30DA0658BF43F020037F
:104EF000CB7286F80380CB7ADB06ABD5169A2A9B59
:104F00009A42A7D03078FFF759FA01463046FDF7AC
:104F100007FE0146C8B13046FDF7A2FF044600284F
:104F20007FF45CAF96F86D302E2B93D12A9A06F160
:104F30006C013046FDF788FF86F803808AE7042875
:104F40007FF44CAFB5E7062448E7022446E7112476
:104F500047E700007F2801D880B27047B0F5803F56
:104F600011D240F2523399420DD1084A002332F84F
:104F7000021B814201D19BB202E00133802BF6D1AA
:104F80008033D8B270470020704700BF9CA0000853
:104F90007F280DD940F25233994208D1FF2806D814
:104FA00000F10040034B803833F8100070470020B8
:104FB000704700BF9CA00008B0F5803FF0B522D23A
:104FC00083B21F4A1F49B3F5805F38BF0A46141DDC
:104FD00034F8042C2146AAB1934213D334F8025C6E
:104FE0002E0AEFB252FA85F5A84223DA082E09D824
:104FF000DFE806F0050A10131517191B1D00801AAB
:1050000034F810301846F0BD9A1A02F001029A1ACC
:1050100093B2F7E7103B9BB2F4E7203BFBE7303B52
:10502000F9E71A3BF7E70833F5E7503BF3E7A3F559
:10503000E353F0E70434002ECAD101EB4702C6E780
:10504000EC9D0008A89E000808B5074B074A1968A0
:1050500001F03D01996053680BB190689847BDE835
:10506000084003F0B3B800BF0000024044360020FF
:1050700008B5084B1968890901F03D018A019A6059
:10508000054AD3680BB110699847BDE8084003F0A2
:105090009DB800BF000002404436002008B5084B10
:1050A0001968090C01F03D010A049A60054A536928
:1050B0000BB190699847BDE8084003F087B800BF7E
:1050C000000002404436002008B5084B1968890DDD
:1050D00001F03D018A059A60054AD3690BB1106A57
:1050E0009847BDE8084003F071B800BF00000240D7
:1050F0004436002008B5074B074A596801F03D01C6
:10510000D960536A0BB1906A9847BDE8084003F034
:105110005DB800BF000002404436002008B5084BCF
:105120005968890901F03D018A01DA60054AD36AAC
:105130000BB1106B9847BDE8084003F047B800BFBB
:10514000000002404436002008B5084B5968090C9D
:1051500001F03D010A04DA60054A536B0BB1906B14
:105160009847BDE8084003F031B800BF0000024096
:105170004436002008B5084B5968890D01F03D01FF
:105180008A05DA60054AD36B0BB1106C9847BDE80D
:10519000084003F01BB800BF000002404436002066
:1051A00008B5074B074A196801F03D019960536C37
:1051B0000BB1906C9847BDE8084003F007B800BFFA
:1051C000000402404436002008B5084B19688909DC
:1051D00001F03D018A019A60054AD36C0BB1106D54
:1051E0009847BDE8084002F0F1BF00BF000402404C
:1051F0004436002008B5084B1968090C01F03D0140
:105200000A049A60054A536D0BB1906D9847BDE84A
:10521000084002F0DBBF00BF00040240443600201B
:1052200008B5084B1968890D01F03D018A059A609F
:10523000054AD36D0BB1106E9847BDE8084002F0E7
:10524000C5BF00BF000402404436002008B5074B2C
:10525000074A596801F03D01D960536E0BB1906E59
:105260009847BDE8084002F0B1BF00BF000402400B
:105270004436002008B5084B5968890901F03D0102
:105280008A01DA60054AD36E0BB1106F9847BDE80A
:10529000084002F09BBF00BF0004024044360020DB
:1052A00008B5084B5968090C01F03D010A04DA60A1
:1052B000054A536F0BB1906F9847BDE8084002F064
:1052C00085BF00BF000402404436002008B5084BEB
:1052D0005968890D01F03D018A05DA60054AD36FEE
:1052E00013B1D2F880009847BDE8084002F06EBFC5
:1052F000000402404436002000230C4A10B5194631
:105300000B4C42F8043B54F82300016042F81310A0
:105310000433402BF7D1074A4FF0FF339360D3603B
:10532000C2F80834C2F80C3410BD00BF4436002067
:105330009CA100080000024011282DE9F041884698
:1053400011D004D8102810D10F24002003E0122817
:1053500007D10F2407202D4F4FF0010C3D68A042CC
:1053600005D900204DE00724EFE70446F3E70CFAE7
:1053700000F6354247D107EBC0043543C4E90123A9
:10538000F3B23D6073B1224BD3F8D84044F001042E
:10539000C3F8D840D3F8004144F00104C3F80041F9
:1053A000D3F8003116F47F4F0ED0194BD3F8D84004
:1053B00044F00204C3F8D840D3F8004144F002049A
:1053C000C3F80041D3F800310501124C6359186845
:1053D00020F01F001860186810F00100FBD166195A
:1053E0004FF03D0C96F80CE071680CFA0EF70F6068
:1053F0001860212058611AB14146B07B00F0BEFC14
:105400006019BDE8F0810130A9E700BF44360020F3
:10541000004402589CA1000810B5302484F3118880
:10542000FFF78AFF002383F3118810BD10B50446EF
:10543000807B00F0B9FC1649637B01229A400B681F
:1054400023EA0203DAB20B6072B9124AD2F8D8101A
:1054500021F00101C2F8D810D2F8001121F00101A9
:10546000C2F80011D2F8002113F47F4F0ED1094B7E
:10547000D3F8D82022F00202C3F8D820D3F80021B4
:1054800022F00202C3F80021D3F8003110BD00BFA2
:10549000443600200044025808B5302383F31188B5
:1054A000FFF7C4FF002383F3118808BD836CC26A31
:1054B0008B42506806D9013B4A0003EB4103B3FB22
:1054C000F2F318447047000001F001038A0748BF57
:1054D00043F002034A0748BF43F008030A0748BFE6
:1054E00043F00403CA0648BF43F010038A06426B28
:1054F00048BF43F020031A434263704710B5074C7E
:10550000204600F0CDFF064B0022C4E91023054BD6
:10551000A364054BE363054BE36410BDCC38002066
:105520000024024800B4C404CC360020C836002051
:10553000C36A0BB9104BC3620379012B11D10F4B16
:1055400098420ED10E4BD3F8DC2042F40072C3F81F
:10555000DC20D3F8042142F40072C3F80421D3F80C
:105560000431436C00221A65DA621A605A605A628A
:105570004FF0FF329A6370479CA20008CC3800209D
:10558000004402580379012B1BD0436C00221A659A
:10559000DA621A605A605A624FF0FF329A63094B1E
:1055A00098420ED1084BD3F8DC2022F40072C3F8E5
:1055B000DC20D3F8042122F40072C3F80421D3F8CC
:1055C00004317047CC3800200044025810B5446CB8
:1055D0000649FFF76BFF6060236842F2107043F0EA
:1055E00003032360BDE8104001F062BD801A06008D
:1055F00070B5456C0129074E6C6808BF064904EA7E
:10560000060418BF0549FFF751FF044344F48054D2
:105610006C6070BD00ECFFFF80F0FA0240787D0105
:10562000436C00225A601A6070470000426C0129E6
:10563000536823F4404304D0022905D001B95360D4
:10564000704743F48043FAE743F40043F7E7000070
:10565000436C41F480519A60D9605A6B1206FCD5B4
:1056600080229A637047000010B541F48851446C61
:10567000A260E160616B11F04502FBD0A26311F002
:10568000040203D0FFF720FF012010BD616910461E
:105690001960FAE710B541F48851446CA260E160EA
:1056A000616B11F04502FBD0A26311F0050203D03B
:1056B000FFF70AFF012010BD616910461960FAE783
:1056C0002DE9F041302304460F46164683F3118836
:1056D000436CDB6B23B14FF0FF31403001F0F4FC41
:1056E000606C00220265C263C262456B15F480756E
:1056F00004D185F311880120BDE8F0814FF0FF331C
:10570000836382F31188012F06D9334620460C218A
:10571000BDE8F041FFF7BEBF1046EDE72DE9F041CF
:10572000446C0F4600251646616BA1632565E56252
:10573000FFF7CAFE012F06D933462A460C21BDE8E1
:10574000F041FFF7A7BFBDE8F081000010B541F4BC
:105750009851446CA260E160616B11F04502FBD08E
:10576000A26311F03F0203D0FFF7AEFE012010BD8F
:10577000216A10461960E1695960A16999606169FF
:10578000D960F4E72DE9F34104460191006D01A9C8
:1057900016461F4602F03EFC00284BD0636C4FF4C7
:1057A0007A72A06C5D68DDF80480C5F309050135E7
:1057B0006D00B0FBF5F0B0FBF2F0504358622046AC
:1057C00000F02CFE60BB636C4FF0FF32E56C394695
:1057D000C3F858804FF001082046C3F850809A6300
:1057E0004FF49572DA6342F207029E62DA622B4648
:1057F000089AFFF74FFF98B92A680F4B13407BB9FF
:105800002A4641462046FFF75BFF054640B932462F
:105810000199206D02F038FC284602B0BDE8F08105
:1058200032460199206D02F02FFCE26C01212046E6
:10583000FFF774FF0125EFE708E0FFFD2DE9F743CF
:105840001F46436C856C04465E68884601924FF49F
:105850007A72C6F3090601367600B5FBF6F5B5FB9C
:10586000F2F555435D6200F0D9FD002847D14FEABB
:10587000472901A9206D4A4602F0CCFB00283ED002
:10588000656C019BE66CAB6501232B654FF0FF3324
:10589000AB634FF49573EB63236BC5F82890DB067D
:1058A000334658BF4FEA4828012F42461BD91221E0
:1058B0002046FFF7EFFEC0B93268124B1340A3B980
:1058C00042F29303324639462046EB62FFF7F8FE78
:1058D000054650B94A460199206D02F0D5FB28468D
:1058E00003B0BDE8F0831121E2E74A460199206D3B
:1058F00002F0CAFBE26C39462046FFF70FFF012594
:10590000EDE700BF08E0FFFD2DE9F3411F46436CC2
:10591000856C04465E68884601924FF47A72C6F33D
:10592000090601367600B5FBF6F5B5FBF2F55543F1
:105930005D6200F073FD002843D17E0201A9206D55
:10594000324602F0AFFB00283BD0656C019BAB6593
:1059500001232B654FF0FF33AB634FF48D73EB6383
:10596000236BAE62DB06E66C58BF4FEA4828012F76
:10597000334642461AD919212046FFF78BFEB8B9A3
:105980003268114B13409BB942F2910332463946BB
:105990002046EB62FFF794FE054648B90199206D59
:1059A00002F0BEFB284602B0BDE8F0811821E3E713
:1059B0000199206D02F0B4FBE26C39462046FFF7F6
:1059C000ADFE0125EEE700BF08E0FFFD12F0030F7A
:1059D0002DE9F04107460C4615461E4617D00E44E9
:1059E000B44202D10020BDE8F0810123FA6B2146C8
:1059F0003846FFF723FF0028F5D128464FF4007200
:105A0000F96B05F500750134FCF702FEE8E7BDE827
:105A1000F041FFF713BF000012F0030F2DE9F04132
:105A200007460C4615461E4617D00E44B44202D116
:105A30000020BDE8F08129464FF40072F86B05F5AF
:105A40000075FCF7E5FD0123FA6B21463846FFF7A8
:105A50005BFF0028EDD10134E8E7BDE8F041FFF736
:105A600053BF000000207047302310B583F3118826
:105A70000024436C40302146DC6301F033FB84F3A7
:105A8000118810BD026843680A43026003B11847D9
:105A900070470000024A136843F0C0031360704768
:105AA00000480040024A136843F0C0031360704787
:105AB00000500040024A136843F0C003136070476F
:105AC00000780040064BD3F8E8200243C3F8E820F2
:105AD000D3F810211043C3F81001D3F810317047E8
:105AE0000044025837B5274C274D204600F038FDBA
:105AF00004F11400009400234FF40072234900F0D5
:105B0000C9F94FF40072224904F138000094214B86
:105B100000F042FA204BC4E91735204C204600F033
:105B20001FFD04F11400009400234FF400721C497F
:105B300000F0B0F94FF400721A4904F138000094F3
:105B4000194B00F029FA194BC4E91735184C2046B7
:105B500000F006FD04F1140000234FF40072154913
:105B6000009400F097F9144B4FF40072134904F1BC
:105B70003800009400F010FA114BC4E9173503B057
:105B800030BD00BFF845002000E1F50520430020AE
:105B900020410020955A0008004800408C45002014
:105BA000203F0020203D0020A55A00080050004062
:105BB00020450020203B0020B55A00082039002055
:105BC0000078004038B5274B0446002914BF0D4625
:105BD0001D46037C012B06D1234B984232D14FF452
:105BE0008020FFF76FFF2A68236EE16D03EB5203FD
:105BF000A566B3FBF2F36A68100442BF23F0070006
:105C000003F0070343EA4003CB60AB6843F0400373
:105C10004B60EB6843F001038B6042F4967343F0F2
:105C200001030B604FF0FF330B62510516D512F0E4
:105C3000102215D0B2F1805F14BFFF233F2384F8F8
:105C4000643038BD094B984202D14FF48010C8E748
:105C5000074B9842C7D14FF08040C2E7FF23EEE7E1
:105C60007F23ECE7A4A20008F84500208C45002023
:105C7000204500202DE9F047C66D04463768F569D8
:105C80002A07356219D045F30001C5F3C00301F0BE
:105C9000200141EA0321AB074FF0300348BF41F038
:105CA0004001680748BF41F0800183F31188201D3F
:105CB000FFF7E8FE002383F31188EA050AD53023B5
:105CC00083F311884FF48061201DFFF7DBFE002372
:105CD00083F311884FF030094FF0000A0BE089F38D
:105CE0001188736A204694F86410194000F052FC41
:105CF0008AF31188F56915F02008F0D13B0616D516
:105D00004FF0300A04F13809280610D58AF31188BB
:105D1000484600F075F9002829DA0821201DFFF710
:105D2000B1FE27F080033360002383F311887906E6
:105D300014D56A0612D5302383F31188D4E91323CE
:105D40009A4208D1236C33B127F040071021201D5F
:105D5000FFF798FE3760002383F31188EB060BD51D
:105D6000A26E136943B15069BDE8F0471847B062AD
:105D700088F31188F569C7E7BDE8F087090100F1EC
:105D80006043012203F56143C9B283F8001300F0B8
:105D90001F039A4043099B0003F1604303F56143ED
:105DA000C3F880211A60704700F01F0301229A4057
:105DB000430900F160409B0000F5614003F160433E
:105DC00003F56143C3F88020C3F88021002380F8E5
:105DD00000337047F8B51546826804460B46AA4260
:105DE00000D28568A1692669761AB5420BD22A4687
:105DF0001846FCF70DFCA2692A44A3682846A26154
:105E00005B1BA360F8BD0CD9AF1B18463246FCF7EC
:105E1000FFFB3A46E1683044FCF7FAFBE368DA1925
:105E2000EBE72A461846FCF7F3FBE268E5E70000DB
:105E3000836893422DE9F04104460E46154600D290
:105E40008568D4E904703F1ABD420CD22A46314617
:105E5000FCF7DEFB62692A44A368284662615B1B8B
:105E6000A360BDE8F0810ED9A5EB07083A4631469C
:105E7000FCF7CEFB4246F119E068FCF7C9FBE3688A
:105E800003EB0802E8E72A463146FCF7C1FBE2686B
:105E9000E2E7000010B5C1600024C361029B84608A
:105EA0000362C0E905111144C0E90000016110BDA1
:105EB00008B5D0E90532934201D1826882B982687F
:105EC000013282605A1C426119700021D0E904320B
:105ED0009A4224BFC368436101F01EF9002008BD47
:105EE0004FF0FF30FBE7000070B5302304460D464D
:105EF00083F31188A668A6B1A368A269013BA360D9
:105F0000531CA36115782269934224BFE368A361FF
:105F1000E3690BB120469847002383F31188284694
:105F200007E02946204601F0E7F80028E2DA86F388
:105F3000118870BD2DE9F74F05460F461446994666
:105F4000D0F81CA04FF0300888F311884FF0000BF8
:105F5000164666B1324639462846FFF73BFF0346F0
:105F600060B94946284601F0C7F80028F2D000235E
:105F700083F31188A01B03B0BDE8F08FBAF1000FC6
:105F800003D001902846D047019B8BF31188F61A65
:105F90001F4488F31188DCE7C160C361009B826005
:105FA0000362C0E905111144C0E9000001617047B6
:105FB000F8B504460D461646302383F31188A768CA
:105FC000A7B1A368013BA36063695A1C62611D709D
:105FD000D4E904329A4224BFE3686361E3690BB1F8
:105FE00020469847002080F3118807E0314620467C
:105FF00001F082F80028E2DA87F31188F8BD00008A
:10600000D0E9052310B59A4201D182687AB9826835
:106010000021013282605A1C82611C7803699A4215
:1060200024BFC368836101F077F8204610BD4FF0AC
:10603000FF30FBE72DE9F74F05460F46144699461A
:10604000D0F81CA04FF0300888F311884FF0000BF7
:10605000164666B1324639462846FFF7E9FE034642
:1060600060B94946284601F047F80028F2D00023DD
:1060700083F31188A01B03B0BDE8F08FBAF1000FC5
:1060800003D001902846D047019B8BF31188F61A64
:106090001F4488F31188DCE70379052B05BF836A69
:1060A000002001204B6004BF4FF400730B60704769
:1060B00070B55D1E866A04460D44B54205D9436B32
:1060C00043F080034363012070BD06250571FFF78F
:1060D0007DFC05232371F7E770B55D1E866A0446D3
:1060E0000D44B54205D9436B43F08003436301205F
:1060F00070BD07250571FFF78FFC05232371F7E7B6
:1061000038B505790446052D05D108230371FFF73D
:10611000A9FC257138BD0120FCE700000323F0B580
:10612000037185B00446FFF751FA0022204611465C
:10613000FFF78EFA4FF4D57203AB08212046FFF724
:10614000A9FA0246B8B901232363039B03F47063E1
:10615000B3F5807F09D103AB37212046FFF79AFAC8
:1061600018B9A54B039A1340A3B120460125FFF7A8
:1061700057FA0223ADE003AB002237212046FFF798
:1061800089FA28B99C4A039B1A40002A00F0A5808E
:1061900002232363236B03F00F03022B40F0A7803D
:1061A0006425964E42F2107000F082FF03AB324637
:1061B00001212046FFF758FA0028D6D1039B002B77
:1061C00080F291805A0003D5236B43F010032363C0
:1061D000002204F1080302212046FFF7B7FA024625
:1061E0000028C2D104F1380303212046FFF752FAF8
:1061F0000028BAD104F11805A26B092120462B46CC
:10620000FFF7A4FA0028B0D102ABA26B0721204609
:10621000FFF740FA06460028A7D1236B03F00F03CF
:10622000022B40F08D807E227F21284603F028FA41
:10623000012840F28580E76B42F2107000F038FFD1
:1062400008234FF40072394620460096FFF79AFA69
:1062500000288AD1384603F05FFA236BA06203F06E
:106260000F03022B70D103AB654A06212046FFF7CE
:1062700011FA00286FD16049039B1940B1FA81F1EE
:1062800049092046FFF7B4F902AB4FF40072102120
:106290002046FFF7FFF9054600287FF466AF564E0B
:1062A000029B33427FF461AF236B13F00E0F73D068
:1062B00003F00F03022B7FF458AFE36A197801292A
:1062C00000F08F80022900F09380002940F0928036
:1062D00005232846237105B0F0BD114620462263F0
:1062E000FFF7B6F956E7013D7FF45CAF3DE7454D5A
:1062F0006426454A404F012B08BF154603AB0022D8
:1063000037212046FFF7C6F900287FF42EAF039B04
:106310003B427FF42AAF03AB2A4629212046FFF7F0
:10632000A3F900287FF421AF039B002BFFF64AAFAF
:10633000013E3FF41AAF42F2107000F0B9FEDDE703
:10634000284603F0BDF988E77E227F212846E66BC8
:1063500003F096F908B9002193E700234022314663
:10636000204600930623FFF70DFA0028F3D1B389E6
:106370005BBA9B07EFD5254B402231462046009360
:106380000623FFF7FFF90028E5D1317C01F00F016A
:106390000F3918BF012174E7E36A1978002997D0F3
:1063A00001297FF4E2AE2046FFF740F903ABA26B70
:1063B00037212046FFF76EF900287FF4D6AE039B05
:1063C00033427FF4D2AE03AB022206212046FFF710
:1063D00061F900287FF4C9AE039B33423FF478AFE4
:1063E000C3E60B4F2046FFF721F903AB3A46ECE733
:1063F000084FF7E7084FF5E708E0FFFD0080FFC012
:106400000001B903000010800080FF50F1FFFF8001
:106410000001B7030002B7030000B70337B5044615
:106420000C4D01ABA26B0D212046FFF733F978B973
:10643000019B2B420BD1C3F34323042B08D0053B14
:10644000022B04D84FF47A7000F032FEE9E7012005
:1064500003B030BD08E0FFFD70B53023044683F380
:1064600011880379022B4FF0000303D183F31188C5
:1064700000250CE00422027183F31188FFF7CEFFA0
:1064800005460226204625B1FFF7CAF826712846A0
:1064900070BDFFF7C5F82671EAE70000FFF72EB8D8
:1064A000044B03600123037100234363C0E90A33F3
:1064B000704700BFBCA2000810B53023044683F328
:1064C0001188C162FFF734F802230020237180F3A2
:1064D000118810BD10B53023044683F31188FFF7EF
:1064E00051F800230122E362227183F3118810BD69
:1064F000026843680A43026003B11847704700000E
:106500001430FFF717BD00004FF0FF331430FFF7D2
:1065100011BD00003830FFF78DBD00004FF0FF3394
:106520003830FFF787BD00001430FFF7DDBC0000F6
:106530004FF0FF311430FFF7D7BC00003830FFF7C1
:1065400037BD00004FF0FF323830FFF731BD00009B
:10655000012914BF6FF0130000207047FFF7C2BA83
:10656000044B036000234360C0E90233012303743A
:10657000704700BFE0A2000810B53023044683F343
:106580001188FFF71FFB02230020237480F311887A
:1065900010BD000038B5C36904460D461BB904217F
:1065A0000844FFF7A5FF294604F11400FFF780FC1B
:1065B000002806DA201D4FF40061BDE83840FFF7DF
:1065C00097BF38BD026843680A43026003B11847A9
:1065D0007047000013B5406B00F58054D4F8A43820
:1065E0001A681178042914D1017C022911D1197972
:1065F000012312898B4013420BD101A94C3002F0C8
:106600006FFFD4F8A4480246019B2179206800F06E
:10661000DFF902B010BD0000143002F0F7BE000038
:106620004FF0FF33143002F0F1BE00004C3002F0A6
:10663000C3BF00004FF0FF334C3002F0BDBF00007D
:10664000143002F0C5BE00004FF0FF31143002F0EC
:10665000BFBE00004C3002F08FBF00004FF0FF3291
:106660004C3002F089BF00000020704710B500F5E3
:106670008054D4F8A4381A681178042917D1017C01
:10668000022914D15979012352898B4013420ED12A
:10669000143002F057FE024648B1D4F8A4084FF473
:1066A000407341790068BDE8104000F07FB910BD2B
:1066B000406BFFF7DBBF0000704700007FB5124B57
:1066C00001250426044603600023057400F18402BA
:1066D00043602946C0E902330C4B02901430019309
:1066E0004FF44073009602F009FE094B04F6944201
:1066F000294604F14C000294CDE900634FF4407345
:1067000002F0CAFE04B070BD08A30008B16600081C
:10671000D56500080A68302383F311880B790B33A1
:1067200042F823004B79133342F823008B7913B1DD
:106730000B3342F8230000F58053C3F8A41802235A
:106740000374002080F311887047000038B5037F80
:10675000044613B190F85430ABB90125201D022135
:10676000FFF730FF04F114006FF00101257700F00E
:10677000DFFC04F14C0084F854506FF00101BDE8D7
:10678000384000F0D5BC38BD10B5012104460430B6
:10679000FFF718FF0023237784F8543010BD000062
:1067A00038B504460025143002F0C0FD04F14C0059
:1067B000257702F089FE201D84F854500121FFF74F
:1067C00001FF2046BDE83840FFF750BF90F8802019
:1067D000034602F06002202A14D190F881200020A4
:1067E000212A02D81F2A03D87047222A07D07047CF
:1067F000054A5A6707229A67D86701207047C3E99C
:106800001D00F9E7002070474422002037B500F54D
:106810008055D5F8A4381A68117804291AD1017C5A
:10682000022917D11979012312898B40134211D102
:1068300000F14C04204602F005FF58B101A92046A2
:1068400002F04EFED5F8A4480246019B217920684B
:1068500000F0BEF803B030BD01F10B03F7B550F8FE
:10686000236004460D46F6B1302383F3118804EB10
:106870008507301D08214C36FFF7A4FEFB685B69D5
:106880001B6813B1304602F039FE01A9304602F010
:1068900027FE024648B1019B2946204600F098F8A1
:1068A000002383F3118803B0F0BDFB685A691268B6
:1068B000002AF5D01B8A013B1340F1D104F180027C
:1068C000EAE70000133138B550F82140ECB130232D
:1068D00083F3118804F58053D3F8A4281368527900
:1068E00003EB8203DB689B695D6845B10421601896
:1068F000FFF768FE294604F1140002F02DFD204642
:10690000FFF7B4FE002383F3118838BD7047000001
:1069100001F05ABD01234022002110B5044600F8C1
:10692000303BFBF795FE0023C4E9013310BD0000A6
:1069300010B53023044683F31188242241600021DE
:106940000C30FBF785FE204601F060FD022300209D
:10695000237080F3118810BD70B500EB81030546EC
:1069600050690E461446DA6018B110220021FBF778
:106970006FFEA06918B110220021FBF769FE3146B5
:106980002846BDE8704001F047BE00008368202221
:10699000002103F0011310B5044683601030FBF7AB
:1069A00057FE2046BDE8104001F0C0BEF0B40125FE
:1069B00000EB810447898D40E4683D43A46945812B
:1069C00023600023A2606360F0BC01F0DDBE000024
:1069D000F0B4012500EB810407898D40E4683D4354
:1069E0006469058123600023A2606360F0BC01F04C
:1069F00053BF000070B50223002504462422037013
:106A00002946C0F888500C3040F8045CFBF720FEA3
:106A1000204684F8705001F093FD63681B6823B131
:106A200029462046BDE87040184770BD0378052B05
:106A300010B504460AD080F88C30052303704368F3
:106A40001B680BB1042198470023A36010BD000010
:106A50000178052906D190F88C20436802701B68E4
:106A600003B118477047000070B590F870300446C5
:106A700013B1002380F8703004F18002204601F049
:106A800079FE63689B68B3B994F8803013F06005B1
:106A900035D00021204602F061F90021204602F0A5
:106AA00051F963681B6813B10621204698470623F5
:106AB00084F8703070BD204698470028E4D0B4F8C0
:106AC0008630A26F9A4288BFA36794F98030A56F81
:106AD000002B4FF0300380F20381002D00F0F28094
:106AE000092284F8702083F3118800212046D4E91C
:106AF0001D23FFF76DFF002383F31188DAE794F875
:106B0000812003F07F0343EA022340F202329342E2
:106B100000F0C58021D8B3F5807F48D00DD8012B77
:106B20003FD0022B00F09380002BB2D104F18802F9
:106B300062670222A267E367C1E7B3F5817F00F0D5
:106B40009B80B3F5407FA4D194F88230012BA0D173
:106B5000B4F8883043F0020332E0B3F5006F4DD053
:106B600017D8B3F5A06F31D0A3F5C063012B90D82F
:106B70006368204694F882205E6894F88310B4F825
:106B80008430B047002884D0436863670368A367F4
:106B90001AE0B3F5106F36D040F6024293427FF40C
:106BA00078AF5C4B63670223A3670023C3E794F8C5
:106BB0008230012B7FF46DAFB4F8883023F00203EC
:106BC000A4F88830C4E91D55E56778E7B4F880304B
:106BD000B3F5A06F0ED194F88230204684F88A3045
:106BE00001F00CFD63681B6813B101212046984732
:106BF000032323700023C4E91D339CE704F18B03B6
:106C000063670123C3E72378042B10D1302383F378
:106C100011882046FFF7BAFE85F3118803216368C7
:106C200084F88B5021701B680BB12046984794F86C
:106C30008230002BDED084F88B300423237063680D
:106C40001B68002BD6D0022120469847D2E794F843
:106C5000843020461D0603F00F010AD501F07CFDAB
:106C6000012804D002287FF414AF2B4B9AE72B4B5A
:106C700098E701F063FDF3E794F88230002B7FF48E
:106C800008AF94F8843013F00F01B3D01A062046F1
:106C900002D502F07BF8ADE702F06CF8AAE794F8B1
:106CA0008230002B7FF4F5AE94F8843013F00F019E
:106CB000A0D01B06204602D502F050F89AE702F059
:106CC00041F897E7142284F8702083F311882B464B
:106CD0002A4629462046FFF769FE85F31188E9E632
:106CE0005DB1152284F8702083F3118800212046BD
:106CF000D4E91D23FFF75AFEFDE60B2284F870202D
:106D000083F311882B462A4629462046FFF760FE6A
:106D1000E3E700BF38A3000834A3000830A300084D
:106D200038B590F870300446002B3ED0063BDAB2FE
:106D30000F2A34D80F2B32D8DFE803F0373131086F
:106D4000223231313131313131313737856FB0F85D
:106D500086309D4214D2C3681B8AB5FBF3F203FB55
:106D600012556DB9302383F311882B462A462946E4
:106D7000FFF72EFE85F311880A2384F870300EE0A9
:106D8000142384F87030302383F3118800232046C5
:106D90001A461946FFF70AFE002383F3118838BD0F
:106DA000C36F03B198470023E7E70021204601F0B5
:106DB000D5FF0021204601F0C5FF63681B6813B1B1
:106DC0000621204698470623D7E7000010B590F823
:106DD00070300446142B29D017D8062B05D001D8C3
:106DE0001BB110BD093B022BFBD80021204601F04E
:106DF000B5FF0021204601F0A5FF63681B6813B1B1
:106E0000062120469847062319E0152BE9D10B23CC
:106E100080F87030302383F3118800231A46194616
:106E2000FFF7D6FD002383F31188DAE7C3689B6977
:106E30005B68002BD5D1C36F03B19847002384F85A
:106E40007030CEE70023826880F8243083691B68A5
:106E500099689142FBD25A680360426010605860A2
:106E6000704700000023826880F8243083691B6823
:106E700099689142FBD85A6803604260106058607C
:106E80007047000008B50846302383F3118891F855
:106E90002430032B05D0042B0DD02BB983F311889C
:106EA00008BD8B6A00221A604FF0FF338362FFF740
:106EB000C9FF0023F2E7D1E9003213605A60F3E71B
:106EC000034610B51B68984203D09C688A689442B8
:106ED000F8D25A680B604A601160596010BD00001A
:106EE000FFF7B0BF064BD96881F824001868026824
:106EF00053601A600122D86080F82420F9F782BA22
:106F0000984800200C4B30B5DD684B1C87B0044618
:106F10000FD02B46094A684600F09EF92046FFF73D
:106F2000E1FF009B13B1684600F0A0F9A86A07B022
:106F300030BDFFF7D7FFF9E798480020856E0008BD
:106F4000044B1A68DB6890689B68984294BF0020E5
:106F50000120704798480020094B10B51C68D8687C
:106F6000226853601A600122DC6084F82420FFF755
:106F700079FF01462046BDE81040F9F743BA00BF4B
:106F800098480020044B1A68DB6892689B689A4214
:106F900001D9FFF7E1BF70479848002038B50123B9
:106FA000084C00252370656002F0D8FB02F0FEFB60
:106FB0000549064802F0D4FC0223237085F31188AA
:106FC00038BD00BF104900203CA3000898480020AD
:106FD00000F082B9034A516853685B1A9842FBD8A3
:106FE000704700BF001000E08B604B630023CA6154
:106FF0000B63022310B504468B840123084604F179
:1070000028028C6181F8263001F110030A61E26ADE
:107010004A611360E36201F12C03CB6210BD0000F2
:10702000D0E90131026841F8183CA1F19C033839DC
:10703000CB60036941F8243C436941F8203C034B91
:1070400041F8043CC3680248FFF7CEBF1D040008A6
:107050009848002008B5FFF7E3FFBDE80840FFF7B8
:107060003FBF000038B50E4BDC6804F12C05A06270
:10707000E06AA8420FD194F826303BB994F8253045
:107080009B0702BFD4E9043213605A600F20BDE8A9
:107090003840FFF727BF0368E362FFF721FFE7E708
:1070A00098480020302383F31188FFF7DBBF0000EE
:1070B00008B50146302383F311880820FFF722FF2B
:1070C000002383F3118808BD054BDB6821B1036001
:1070D00098620320FFF716BF4FF0FF30704700BFE4
:1070E000984800200346006820B100221A6081629F
:1070F000FFF7F6BE70470000064BDB6839B1426807
:1071000018605A60136043600420FFF7FBBE4FF025
:10711000FF3070479848002003460068834205D03E
:1071200002681A6053608162FFF7DABE70470000A0
:1071300038B504460D462068844200D138BD036846
:1071400023605C608562FFF7CBFEF4E7036810B54F
:107150009C68A2420CD85C680B608A604C6021601D
:1071600059609968891A99604FF0FF33836010BDA8
:10717000121B1B68ECE700000A2938BF0A2170B512
:1071800004460D460A26601902F0E2FA02F0CAFA35
:10719000041BA54203D8751C04462E46F3E70A2EAD
:1071A00004D90120BDE8704002F0A2BC70BD00000F
:1071B000F8B5144B14460A270D46D9610A2C826093
:1071C00003F1100238BF0A2442601A69026050605D
:1071D0001861081902F0ACFA02F0A4FA431B064643
:1071E000A34206D37C1C28192746354602F0B0FA84
:1071F000F2E70A2F04D90120BDE8F84002F078BC7C
:10720000F8BD00BF9848002070B50D46064602F054
:1072100089FA0F490B4653F8102F9A4206D12A4695
:1072200001463046BDE87040FFF7C2BFCB69C41AC3
:1072300093682C1928BF2C46A34202D92946FFF790
:107240009BFF224631460348BDE87040FFF77EBFF2
:1072500098480020A8480020C0E90323002310B468
:107260005DF8044B4361FFF7CFBF000010B5194C28
:10727000236998420DD08168D0E9003213605A60CA
:107280009A680A449A60002303604FF0FF33A361B9
:1072900010BD0268234643F8102F5360002202609D
:1072A00022699A4203D1BDE8104002F04BBA9368BC
:1072B00081680B44936002F035FA2269E1699268B3
:1072C000441AA242E4D91144BDE81040091AFFF75C
:1072D00053BF00BF984800202DE9F047DFF8B88081
:1072E00008F110072B4ED8F8105002F01BFAD8F80E
:1072F0001C40AA68011B8A423DD81444D5E90032DB
:10730000C8F81C4013605A6000232B609946D8F8D7
:107310001020B24201D102F015FA89F31188D5E9A3
:10732000033128469847302383F311886B69002B7B
:10733000D9D002F0F7F96A69A0EB040982464A4500
:107340000DD2022002F0D4FB0022D8F81030B34254
:1073500008D151462846BDE8F047FFF729BF22442F
:10736000121AF2E712EB09092946384638BF4A4695
:10737000FFF7ECFEB6E7D8F81010B14208D014447D
:10738000C8F81C00211AA960BDE8F047FFF7F4BE59
:10739000BDE8F087A84800209848002038B502F0E2
:1073A000C1F9054AD2E90845031B181945F1000146
:1073B000C2E9080138BD00BF9848002010B560B987
:1073C000074804790368053C9B6818BF0124984767
:1073D000404200F00400204310BD0120FCE700BF44
:1073E000CC380020FFF7EABF2DE9F0478846174662
:1073F00099460446B0B90D4E3579052D05D00324C4
:107400000DE0013D15F0FF050ED0336842463946C8
:107410003046D3F814A04B46D0470028F1D120467F
:10742000BDE8F0870424FAE70124F8E7CC3800200F
:107430002DE9F0478846174699460446B0B90D4EE7
:107440003579052D05D003240DE0013D15F0FF052C
:107450000ED03368424639463046D3F818A04B4622
:10746000D0470028F1D12046BDE8F0870424FAE790
:107470000124F8E7CC38002037B50C46154670B922
:1074800049B101290BD10748694603681B6A98472F
:1074900010B9019B2B600024204603B030BD0424AA
:1074A000FAE700BFCC38002000207047FEE700005C
:1074B000704700004FF0FF30704700004B6843609A
:1074C0008B688360CB68C3600B6943614B6903625F
:1074D0008B6943620B6803607047000008B53B4B43
:1074E00040F2FF713A48D3F888200A43C3F8882055
:1074F000D3F888206FF30A02C3F88820D3F88820D5
:10750000D3F8E0200A43C3F8E020D3F808210A4367
:10751000C3F808212F4AD3F808311146FFF7CEFFF0
:1075200000F5806002F11C01FFF7C8FF00F58060E4
:1075300002F13801FFF7C2FF00F5806002F154014B
:10754000FFF7BCFF00F5806002F17001FFF7B6FFA6
:1075500000F5806002F18C01FFF7B0FF00F580605C
:1075600002F1A801FFF7AAFF00F5806002F1C40153
:10757000FFF7A4FF00F5806002F1E001FFF79EFF36
:1075800000F5806002F1FC01FFF798FF02F58C71B5
:1075900000F58060FFF792FF01F090FC0E4BD3F8EE
:1075A000902242F00102C3F89022D3F8942242F0D4
:1075B0000102C3F894220522C3F898204FF06052CC
:1075C000C3F89C20054AC3F8A02008BD0044025817
:1075D0000000025850A3000800ED00E01F0008035F
:1075E00008B501F077FEFFF7D9FC104BD3F8DC208B
:1075F00042F04002C3F8DC20D3F8042122F040021C
:10760000C3F80421D3F80431094B1A6842F0080288
:107610001A601A6842F004021A6000F089FD00F056
:1076200043FBBDE8084000F0B3B800BF0044025877
:107630000018024801207047002070477047000082
:1076400002290CD0032904D00129074818BF0020C3
:107650007047032A05D8054800EBC200704704486C
:1076600070470020704700BF34A500084C2200205E
:10767000E8A4000870B59AB005460846144601A96A
:1076800000F0BEF801A8FAF7E1FF431C0022C6B2E1
:107690005B001046C5E9003423700323023404F86C
:1076A000013C01ABD1B202348E4201D81AB070BD98
:1076B00013F8011B013204F8010C04F8021CF1E775
:1076C00008B5302383F311880348FFF79FF80023A0
:1076D00083F3118808BD00BFA84B002090F88030CC
:1076E00003F01F02012A07D190F881200B2A03D151
:1076F0000023C0E91D3315E003F06003202B08D1FF
:10770000B0F884302BB990F88120212A03D81F2AA1
:1077100004D8FFF75BB8222AEBD0FAE7034A4267A6
:1077200007228267C3670120704700BF6C220020D8
:1077300010B50446052916D8DFE801F01615031622
:10774000161D302383F311880E4A0121FFF704F937
:1077500020460D4A0221FFF7FFF80C48FFF720F8FA
:10776000002383F3118810BD302383F31188074869
:10777000FEF7ECFFF4E7302383F311880348FFF7AB
:1077800003F8EDE7C0A400089CA40008A84B002063
:1077900038B50B4D0B4C2A460B492046FFF76AFFC4
:1077A00005F1CA0204F108000849FFF763FF05F577
:1077B000CA7204F110000649BDE83840FFF75ABF0D
:1077C0004849002054220020C39C0008CB9C00089C
:1077D000D69C000870B5044608460D46FAF736FFF9
:1077E000C6B22046013403780BB9184670BD324644
:1077F0002946FAF717FF0028F3D10120F6E7000029
:107800002DE9F04105460C46FAF720FF2B49C6B298
:107810002846FFF7DFFF08B10C36F6B228492846A4
:10782000FFF7D8FF08B11036F6B2632E07D8234F02
:10783000DFF88C802E7846B92670BDE8F0812946A5
:107840002046BDE8F041F8F7D7BF252E32D10722F8
:1078500039462846FAF7E6FE80B91A4B224603F16C
:10786000100153F8040B8B4242F8040BF9D119882C
:1078700007359B78133411809370DBE7082241466B
:107880002846FAF7CFFEA8B9A21C0F4B0F48104E9E
:10789000197802320909415C02F8041C13F8011B33
:1078A00001F00F01B342415C02F8031CF0D118341F
:1078B0000835BFE7013504F8016BBBE7DF9C000822
:1078C000D69C0008E79C000800E8F11FFB9C00081C
:1078D0000CE8F11FBFF34F8F044B1A695107FCD11D
:1078E000D3F810215207F8D1704700BF0020005292
:1078F00008B50D4B1B78ABB9FFF7ECFF0B4BDA6803
:10790000D10704D50A4A5A6002F188325A60D3F886
:107910000C21D20706D5064AC3F8042102F18832A9
:10792000C3F8042108BD00BF5064002000200052AD
:107930002301674508B5114B1B78F3B9104B1A6941
:10794000510703D5DA6842F04002DA60D3F810211B
:10795000520705D5D3F80C2142F04002C3F80C21A0
:10796000FFF7B8FF064BDA6842F00102DA60D3F89D
:107970000C2142F00102C3F80C2108BD5064002024
:10798000002000520F289ABF00F5806040040020BC
:10799000704700004FF4003070470000102070471F
:1079A0000F2808B50ED8FFF7EDFF0368013309D1A2
:1079B00000F500330430834201D1012008BD026884
:1079C0000132F7D00020F9E70F2838B505463FD837
:1079D000FFF780FF1F4CFFF78BFF4FF0FF330728A7
:1079E0006361C4F814311DD82361FFF773FF0302EC
:1079F00043F02403E360E36843F08003E36023691A
:107A00005A07FCD42846FFF765FFFFF7BBFF4FF48A
:107A1000003100F0C3FA2846FFF78CFFBDE838407C
:107A2000FFF7BEBFC4F81031FFF754FFA0F1080301
:107A30001B0243F02403C4F80C31D4F80C3143F09A
:107A40008003C4F80C31D4F810315B07FBD4D9E7BC
:107A5000002038BD002000522DE9F84F04460D46A5
:107A6000104644EA0203DB0602D00020BDE8F88F8E
:107A700020F01F00DFF8E0A0DFF8E0B0FFF738FFEC
:107A800005EB0008454503D10120FFF753FFEDE763
:107A9000202229462046F9F761FA10B92034203512
:107AA000F0E723680133E0D1234604F120020433D8
:107AB000934244D104F17843234E2448B3F5801F08
:107AC000234B28BF9946A3F582732EBF5846D14653
:107AD0001E46FFF7FFFE4FF0FF33A4EB050C05F148
:107AE0001C010360336843F0020333602B1FD9F895
:107AF000007017F00507FAD153F8042F8B424CF8A9
:107B00000320F4D1BFF34F8FFFF7E4FE4FF0FF33B4
:107B10000360336823F002033360BFF34F8F0D4BD4
:107B2000C3F85C42BFF34F8FBFF36F8F202229460B
:107B30002046F9F713FA0028B0D03846A5E71968AF
:107B40000131B4D091E700BF0C2100521420005243
:107B50001021005200ED00E01020005214210052CC
:107B600010B5084C237828B11BB9FFF7C1FE0123DB
:107B7000237010BD002BFCD02070BDE81040FFF733
:107B8000D9BE00BF506400202DE9F74F0D46824654
:107B9000002877D011F00D070CBF0826202611F021
:107BA000080300933BD0431E03426BD106460AF103
:107BB0001F0121F01F0A4FF00109DFF8D88005F0FE
:107BC000040305EA090BBBF1000F38D0D8F81420E4
:107BD000D20734D409F1010908F10C08B9F1060FF4
:107BE000F1D187B9284D32465146E81901F000FE1F
:107BF000044600BB2037A02FF5D13246514601F094
:107C0000F7FD0446B8B932465146204801F0F0FD70
:107C10000446002831D1204603B0BDE8F08F002F84
:107C2000C5D10029C7D101463246284601F0E0FD02
:107C300004460028BFD05246002120461FE01BB159
:107C4000D8F814205407C5D5A80703D5D8F81420B0
:107C50009107BFD5009A1AB1D8F814201207B9D5E8
:107C6000019332460A4B514603EB491001F0C0FD27
:107C7000019B04460028ADD0DDE752460021FAF70B
:107C8000E7FCC8E70024C6E79464002054640020A1
:107C90007464002050A500080021FFF775BF0000A4
:107CA0000121FFF771BF000070B5144D0124144E7F
:107CB00040F2FF3200210120FAF7CAFC06EB441023
:107CC00001342A6955F80C1F01F07EFD062CF5D110
:107CD00037254FF4C0542046FFF7E2FF014628B194
:107CE00022460848BDE8704001F06EBDC4EBC404F4
:107CF000013D4FEAD404EED170BD00BF50A500088D
:107D000074640020546400200421FFF73DBF00008C
:107D10004843FFF7C1BF000008B101F0DDBD704767
:107D2000B0F5805F10B5044607D8FFF7EDFF28B91E
:107D30002046BDE81040FFF7AFBF002010BD000097
:107D4000FFF7EABF70B504461046AAB144EA010342
:107D500013F01F030FD1094A214495686D0706D51A
:107D60001568AC4203D356683544A94204D903339D
:107D70000C32122BF1D1002070BD00BF50A50008BD
:107D800008B501F0BDFE034AD2E90032C01842EB4B
:107D9000010108BD386500202DE9F743434AD2E9C7
:107DA000003213437ED0FFF7EBFF414A00234FF42C
:107DB0006164F8F741FB3F4A00230026F8F73CFBDB
:107DC0003C23ADF80160B2FBF3F1B2FBF4F503FB29
:107DD000112104FB1522384CC9B2A042B2FBF3F2C8
:107DE0004FF046038DF8003046D840F26D194FF041
:107DF000640E4FF4C8789F0703F26C7428D1B4FB6B
:107E0000FEF70EFB174747BBB4FBF8F708FB174418
:107E1000002C0BBF4FF0010C4FF0000C4FF4B77467
:107E20004C465F1CA042FFB21CD20EB18DF8003050
:107E30000023224C0C271E4607FB0C44DFB203F143
:107E4000010CE75D874211D8C01B63460126F5E7A8
:107E50004FF0000C40F26D14E3E74FF0010C4FF4CB
:107E6000B774DEE7001B3B460126C4E70EB18DF870
:107E7000013001308DF802009DF800009DF80130BE
:107E800050380133400640EA43509DF8023040EA42
:107E9000034040EAC52040EA421040EA510003B0E6
:107EA000BDE8F0834FF40410F9E700BF3865002007
:107EB00040420F008051010090230B0098A500085C
:107EC0000244074BD2B210B5904200D110BD441C01
:107ED00000B253F8200041F8040BE0B2F4E700BF11
:107EE000504000580E4B30B51C6F240405D41C6F55
:107EF0001C671C6F44F400441C670A4C024423684E
:107F0000D2B243F480732360074B904200D130BD5E
:107F1000441C51F8045B00B243F82050E0B2F4E78F
:107F200000440258004802585040005807B501224A
:107F300001A90020FFF7C4FF019803B05DF804FB1E
:107F400013B50446FFF7F2FFA04205D0012201A9B4
:107F500000200194FFF7C6FF02B010BD10B56424E5
:107F6000013C4FF47A70FFF7A3F814F0FF04F7D147
:107F7000094B4FF4802214249A61A3F500634FF05B
:107F800080629A61013C4FF47A70FFF791F814F027
:107F9000FF04F7D110BD00BF001002580144BFF329
:107FA0004F8F064B884204D3BFF34F8FBFF36F8FC1
:107FB0007047C3F85C022030F4E700BF00ED00E03A
:107FC0000144BFF34F8F064B884204D3BFF34F8F5A
:107FD000BFF36F8F7047C3F870022030F4E700BF23
:107FE00000ED00E070B5054616460C460120102154
:107FF000FFF78EFE286046733CB1204636B1FFF78E
:1080000083FE2B68186000B19C6070BDFFF748FECE
:10801000F7E70000F8B50E4615460B68044640B970
:1080200005F11F01306821F01F01FFF7B7FF01279D
:1080300018E0427B29461846FFF784FE07460028D1
:10804000EED133686360A368AB4211D213B12068EC
:10805000FFF762FE637B284633B1FFF755FE2060D1
:1080600028B9A0603846F8BDFFF71AFEF7E7A5600B
:10807000206805F11F01306021F01F01FFF78EFF1E
:1080800001232373D3E7000010B5044640B1006814
:10809000884205D1606808B1FAF7BAFA0023237361
:1080A00010BD0000F8B50E4614460B68054640B9F1
:1080B00004F11F01306821F01F01FFF781FF012744
:1080C00016E0427B21461846FFF73CFE0746002893
:1080D000EED1AB68A34211D213B12868FFF71CFEA2
:1080E0006B7B204633B1FFF70FFE286028B9A860EC
:1080F0003846F8BDFFF7D4FDF7E7AC60316819B139
:1081000022462868FAF784FA286804F11F013060D3
:1081100021F01F01FFF754FF01232B73CFE700006D
:1081200020B103688B4204BF002303737047000033
:10813000034B1A681AB9034AD2F8D0241A60704760
:10814000406500200040025808B5FFF7F1FF024BE0
:108150001868C0F3806008BD40650020EFF3098314
:10816000054968334A6B22F001024A6383F30988A8
:10817000002383F31188704700EF00E0302080F384
:10818000118862B60D4B0E4AD96821F4E0610904EA
:10819000090C0A430B49DA60D3F8FC2042F08072E4
:1081A000C3F8FC20084AC2F8B01F116841F0010171
:1081B00011602022DA7783F82200704700ED00E09A
:1081C0000003FA0555CEACC5001000E0302310B511
:1081D00083F311880E4B5B6813F4006314D0F1EE47
:1081E000103AEFF309844FF08073683CE361094B68
:1081F000DB6B236684F30988FEF7A2FE10B1064B01
:10820000A36110BD054BFBE783F31188F9E700BFBD
:1082100000ED00E000EF00E02F0400083204000849
:1082200070B5BFF34F8FBFF36F8F1A4A0021C2F8AA
:108230005012BFF34F8FBFF36F8F536943F4003376
:108240005361BFF34F8FBFF36F8FC2F88410BFF33A
:108250004F8FD2F8803043F6E074C3F3C900C3F304
:108260004E335B0103EA0406014646EA8175013993
:10827000C2F86052F9D2203B13F1200FF2D1BFF3C4
:108280004F8F536943F480335361BFF34F8FBFF374
:108290006F8F70BD00ED00E0FEE70000214B22482B
:1082A000224A70B5904237D3214BC11EDA1C121AF4
:1082B00022F003028B4238BF00220021FAF7C8F9EE
:1082C0001C4A0023C2F88430BFF34F8FD2F88030AD
:1082D00043F6E074C3F3C900C3F34E335B0103EA12
:1082E0000406014646EA81750139C2F86C52F9D29A
:1082F000203B13F1200FF2D1BFF34F8FBFF36F8FED
:10830000BFF34F8FBFF36F8F0023C2F85032BFF31C
:108310004F8FBFF36F8F70BD53F8041B40F8041BE1
:10832000C0E700BF94A600083C6700203C6700201F
:108330003C67002000ED00E0074BD3F8D82022EA8C
:108340000002C3F8D820D3F8002122EA0002C3F8C3
:108350000021D3F8003170470044025870B5D0E9CD
:10836000244300224FF0FF359E6804EB4213510175
:10837000D3F80009002805DAD3F8000940F080405E
:10838000C3F80009D3F8000B002805DAD3F8000B76
:1083900040F08040C3F8000B01326318B242C3F8CA
:1083A0000859C3F8085BE0D94FF00113C4F81C3832
:1083B00070BD0000890141F02001016103699B0645
:1083C000FCD41220FEF706BE10B50A4C2046FEF77C
:1083D000A1FA094BC4F89030084BC4F89430084C0B
:1083E0002046FEF797FA074BC4F89030064BC4F8C6
:1083F000943010BDF865002000000840BCA50008BE
:108400005C65002000000440B0A5000870B503784A
:108410000546012B5CD1434BD0F89040984258D18F
:10842000414B0E216520D3F8D82042F00062C3F8FA
:10843000D820D3F8002142F00062C3F80021D3F81D
:108440000021D3F8802042F00062C3F88020D3F8E6
:10845000802022F00062C3F88020D3F88030FDF73E
:108460008DFC324BE360324BC4F800380023D5F862
:108470009060C4F8003EC02323604FF40413A3634C
:108480003369002BFCDA01230C203361FEF7A2FDD7
:108490003369DB07FCD41220FEF79CFD3369002B07
:1084A000FCDA00262846A660FFF758FF6B68C4F880
:1084B0001068DB68C4F81468C4F81C6883BB1D4BE3
:1084C000A3614FF0FF336361A36843F00103A3602E
:1084D00070BD194B9842C9D1134B4FF080600E21EB
:1084E000D3F8D82042F00072C3F8D820D3F8002186
:1084F00042F00072C3F80021D3F80021D3F88020A5
:1085000042F00072C3F88020D3F8802022F000727D
:10851000C3F88020D3F88030FFF70EFF4D209EE790
:10852000064BCDE7F8650020004402584014004097
:1085300003002002003C30C05C650020083C30C0D5
:10854000F8B5D0F89040054600214FF0006620466F
:10855000FFF730FFD5F8941000234FF001128F6819
:108560004FF0FF30C4F83438C4F81C2804EB431231
:1085700001339F42C2F80069C2F8006BC2F80809D3
:10858000C2F8080BF2D20B68D5F89020C5F89830E5
:10859000636210231361166916F01006FBD11220D6
:1085A000FEF718FDD4F8003823F4FE63C4F8003851
:1085B000A36943F4402343F01003A3610923C4F8E3
:1085C0001038C4F814380B4BEB604FF0C043C4F8BC
:1085D000103B094BC4F8003BC4F81069C4F80039DB
:1085E000D5F8983003F1100243F48013C5F89820B1
:1085F000A362F8BDC8A5000840800010D0F8902004
:1086000090F88A10D2F8003823F4FE6343EA01138D
:10861000C2F80038704700002DE9F84300EB8103F1
:108620000C460FFA81F9D0F89050D96800228046A4
:1086300060010E6806F00306731E022B05EB44135F
:1086400098BFB604C3F8102B04F110024FF00103D9
:1086500094BF06F18056334E03FA02F38A6998BF3D
:1086600006F50046002A39D04F8A04F158023743F4
:108670005201AF50D5F81C2813430022C5F81C380E
:108680002B180127C3F81029A7404A69631E92B32B
:108690000A8A4033898B9208012905EB830388BF3E
:1086A0004A43D8F89810501841EA0241C8F8980097
:1086B000284659602146FFF77DFE08EB8900C36814
:1086C0001B8A43EA84534834334364012B51D5F861
:1086D0001C383B43C5F81C38BDE8F88305EB491747
:1086E000D7F8002B22F40042C7F8002BD5F81C283D
:1086F00022EA0303C1E704F13F030B4A214628465F
:1087000005EB83035A60FFF755FE05EB4913D3F8D9
:10871000002922F40042C3F80029D5F81C3823EAC6
:108720000703D7E70080001000040002D0F894206F
:108730001268C0F89820FFF711BE00005831D0F839
:10874000903049015B5813F4004004D013F4001F2B
:1087500014BF0120022070474831D0F89030490101
:108760005B5813F4004004D013F4001F14BF012021
:108770000220704700EB8100C368196A0B68136020
:108780004B6853607047000000EB810330B5DD6833
:10879000AA691368D36019B9402B84BF40231360C2
:1087A0006B8A1468D0F890201C4402EB4110013C05
:1087B00009B2B4FBF3F46343033323F0030343EA46
:1087C000C44343F0C043C0F8103B2B6803F00303DD
:1087D000012B0ED1D2F8083802EB411013F4807F40
:1087E000D0F8003B14BF43F0805343F00053C0F86F
:1087F000003B02EB4112D2F8003B43F00443C2F8C5
:10880000003B30BD2DE9F041D0F8906005460C46A4
:1088100006EB4113D3F8087B3A07C3F8087B08D569
:10882000D6F814381B0704D500EB8103DB685B68BE
:108830009847FA071FD5D6F81438DB071BD505EB88
:108840008403D9688B69C4B9488A5A68B2FBF0F6C8
:1088500000FB16228AB91868DA6890420DD2121A03
:10886000C3E90024302383F3118821462846FFF70B
:108870008BFF84F31188BDE8F08101226B89A2404F
:1088800023EA02036B81CB68002BF4D021462846F3
:10889000BDE8F0411847000000EB81034A0170B5C4
:1088A000DD68D0F890306C692668E6604EBB1A44EB
:1088B0004FF40020C2F810092A6802F00302012ACE
:1088C0000AB20ED1D3F8080803EB421410F4807FEB
:1088D000D4F8000914BF40F0805040F00050C4F8B4
:1088E000000903EB4212D2F8000940F00440C2F83C
:1088F00000090122D3F834088A400243C3F834281F
:1089000070BD19B9402E84BF4020206020681A44F1
:108910002E8A8419013CB4FBF6F440EAC44040F0CE
:108920000050C7E72DE9F843D0F8906005460C46A3
:108930004F0106EB4113D3F8088918F0010FC3F873
:1089400008891CD0D6F81038DB0718D500EB810356
:10895000D3F80CC0DCF81430D3F800E0DA689645A0
:1089600030D2A2EB0E024FF000091A60C3F8049057
:10897000302383F31188FFF78FFF89F3118818F0F4
:10898000800F1DD0D6F834380126A640334217D0C8
:1089900005EB84030134D5F89050D3F80CC0E4B251
:1089A0002F44DCF8142005EB0434D2F800E05168C1
:1089B000714513D3D5F8343823EA0603C5F83438A3
:1089C000BDE8F883012203898A4023EA0203038178
:1089D000DCF80830002BD2D09847D0E7AEEB01038B
:1089E000BCF81000834228BF0346D7F8180980B2AC
:1089F000B3EB800FE4D89068A0F1040959F8048F14
:108A0000C4F80080A0EB09089844B8F1040FF5D829
:108A10001844194490605160C9E700002DE9F047FF
:108A2000D0F8905004466E69AB691E4016F4805829
:108A30006E6103D0BDE8F047FDF7DCBF002E12DA0F
:108A4000D5F8003E9B0705D0D5F8003E23F0030380
:108A5000C5F8003ED5F80438204623F00103C5F8D8
:108A60000438FDF7F5FF370505D52046FFF776FCFE
:108A70002046FDF7DBFFB0040CD5D5F8083813F01D
:108A8000060FEB6823F470530CBF43F4105343F408
:108A9000A053EB6031071BD56368DB681BB9AB697A
:108AA00023F00803AB612378052B0CD1D5F8003EE9
:108AB0009A0705D0D5F8003E23F00303C5F8003E21
:108AC0002046FDF7C5FF6368DB680BB12046984779
:108AD000F30234D50021D4F890900F4609EB4713E8
:108AE000D3F8002902F44022B2F5802F1FD1D3F829
:108AF0000029002A1BDAD3F8002942F09042C3F87B
:108B00000029D3F80029002AFBDBD4F89000FFF7F6
:108B100051FC01222389BA4023EA0203238104EB9A
:108B20008703DB689B6813B13946204698470137B5
:108B3000D4F89430FFB29B689F423946CED9B70231
:108B400026D5D4F8909000274FF0010A09EB471280
:108B5000D2F8003B03F44023B3F5802F11D1D2F8B3
:108B6000003B002B0DDA63890AFA07F223EA0203BD
:108B7000638104EB8703DB68DB6813B13946204669
:108B800098470137D4F89430FFB29B689F42DDD9F3
:108B9000F00618D5D4F89000026AC2F30A1702F062
:108BA0000F0302F4F012B2F5802F00F08D80B2F5C1
:108BB000402F08D104EB8303002200F58050DB68CE
:108BC0001B6A974273D13003D5F8185835D5E9039D
:108BD00003D500212046FFF715FEAA0303D5012186
:108BE0002046FFF70FFE6B0303D502212046FFF757
:108BF00009FE2F0303D503212046FFF703FEE802F9
:108C000003D504212046FFF7FDFDA90203D5052168
:108C10002046FFF7F7FD6A0203D506212046FFF73D
:108C2000F1FD2B0203D507212046FFF7EBFDEF01F5
:108C300003D508212046FFF7E5FD70036BD5E90752
:108C400003D500212046FFF76DFEAA0703D50121B9
:108C50002046FFF767FE6B0703D502212046FFF78A
:108C600061FE2F0703D503212046FFF75BFEEE06CA
:108C700003D504212046FFF755FEA80603D505219C
:108C80002046FFF74FFE690603D506212046FFF771
:108C900049FE2A0603D507212046FFF743FEEB05D0
:108CA00039D520460821BDE8F047FFF73BBE9107C4
:108CB00001D1D0F80080072A02F101029CBF03F81D
:108CC000018B4FEA18287CE704EB830300F5805002
:108CD000DA68D2F818C0DCF80820DCE9001CA1EB47
:108CE0000C0C00218F4208D1DB689B699A683A44DA
:108CF0009A605A683A445A6065E711F0030F01D14F
:108D0000D0F800808C4501F1010184BF02F8018B8D
:108D10004FEA1828E6E7BDE8F087000008B50348E9
:108D2000FFF77CFEBDE80840FFF750BAF865002069
:108D300008B50348FFF772FEBDE80840FFF746BAE2
:108D40005C650020D0F8903003EB4111D1F8003B76
:108D500043F40013C1F8003B70470000D0F8903096
:108D600003EB4111D1F8003943F40013C1F8003985
:108D700070470000D0F8903003EB4111D1F8003B70
:108D800023F40013C1F8003B70470000D0F8903086
:108D900003EB4111D1F8003923F40013C1F8003975
:108DA00070470000064BD3F8DC200243C3F8DC20F8
:108DB000D3F804211043C3F80401D3F804317047F9
:108DC0000044025808B53C4B4FF0FF31D3F88020E7
:108DD00062F00042C3F88020D3F8802002F0004205
:108DE000C3F88020D3F88020D3F88420C3F88410FF
:108DF000D3F884200022C3F88420D3F88400D86FED
:108E000040F0FF4040F4FF0040F4DF4040F07F00BE
:108E1000D867D86F20F0FF4020F4FF0020F4DF4037
:108E200020F07F00D867D86FD3F888006FEA4050F1
:108E30006FEA5050C3F88800D3F88800C0F30A00E6
:108E4000C3F88800D3F88800D3F89000C3F89010D6
:108E5000D3F89000C3F89020D3F89000D3F8940092
:108E6000C3F89410D3F89400C3F89420D3F8940076
:108E7000D3F89800C3F89810D3F89800C3F8982056
:108E8000D3F89800D3F88C00C3F88C10D3F88C007A
:108E9000C3F88C20D3F88C00D3F89C00C3F89C1046
:108EA000D3F89C10C3F89C20D3F89C30FCF724FA2C
:108EB000BDE8084000F0D6B90044025808B50122C8
:108EC000534BC3F80821534BD3F8F42042F002026D
:108ED000C3F8F420D3F81C2142F00202C3F81C218D
:108EE0000222D3F81C314C4BDA605A689104FCD54D
:108EF0004A4A1A6001229A60494ADA6000221A61DD
:108F00004FF440429A61444B9A699204FCD51A6826
:108F100042F480721A603F4B1A6F12F4407F04D003
:108F20004FF480321A6700221A671A6842F0010271
:108F30001A60384B1A685007FCD500221A611A696A
:108F400012F03802FBD1012119604FF080415960C5
:108F50005A67344ADA62344A1A611A6842F4803233
:108F60001A602C4B1A689103FCD51A6842F480529F
:108F70001A601A689204FCD52C4A2D499A62002284
:108F80005A63196301F57C01DA6301F2E711996311
:108F90005A64284A1A64284ADA621A6842F0A852C7
:108FA0001A601C4B1A6802F02852B2F1285FF9D1FE
:108FB00048229A614FF48862DA6140221A621F4A9D
:108FC000DA641F4A1A651F4A5A651F4A9A65322396
:108FD0001E4A1360136803F00F03022BFAD10D4AE7
:108FE000136943F003031361136903F03803182B6B
:108FF000FAD14FF00050FFF7D5FE4FF08040FFF759
:10900000D1FE4FF00040BDE80840FFF7CBBE00BFE7
:1090100000800051004402580048025800C000F08F
:10902000020000010000FF0100889008222040009B
:1090300063020901470E0508DD0BBF012000002077
:10904000000001100910E000000101100020005292
:109050004FF0B04208B5D2F8883003F00103C2F8EF
:10906000883023B1044A13680BB150689847BDE8B3
:109070000840FFF7ABB800BFBC6600204FF0B0421D
:1090800008B5D2F8883003F00203C2F8883023B163
:10909000044A93680BB1D0689847BDE80840FFF7D1
:1090A00095B800BFBC6600204FF0B04208B5D2F8BA
:1090B000883003F00403C2F8883023B1044A1369EE
:1090C0000BB150699847BDE80840FFF77FB800BF73
:1090D000BC6600204FF0B04208B5D2F8883003F0EB
:1090E0000803C2F8883023B1044A93690BB1D069F0
:1090F0009847BDE80840FFF769B800BFBC6600208C
:109100004FF0B04208B5D2F8883003F01003C2F82F
:10911000883023B1044A136A0BB1506A9847BDE8FE
:109120000840FFF753B800BFBC6600204FF0B043C3
:1091300010B5D3F8884004F47872C3F88820A306E9
:1091400004D5124A936A0BB1D06A9847600604D5D9
:109150000E4A136B0BB1506B9847210604D50B4A8E
:10916000936B0BB1D06B9847E20504D5074A136C9B
:109170000BB1506C9847A30504D5044A936C0BB10E
:10918000D06C9847BDE81040FFF720B8BC660020BF
:109190004FF0B04310B5D3F8884004F47C42C3F8D4
:1091A0008820620504D5164A136D0BB1506D98479F
:1091B000230504D5124A936D0BB1D06D9847E00496
:1091C00004D50F4A136E0BB1506E9847A10404D515
:1091D0000B4A936E0BB1D06E9847620404D5084ACF
:1091E000136F0BB1506F9847230404D5044A936F53
:1091F0000BB1D06F9847BDE81040FEF7E7BF00BF46
:10920000BC66002008B50348FCF72EFCBDE808400A
:10921000FEF7DCBFCC38002008B50348FCF72AFD78
:10922000BDE80840FEF7D2BFF845002008B5034866
:10923000FCF720FDBDE80840FEF7C8BF8C450020C4
:1092400008B50348FCF716FDBDE80840FEF7BEBFB1
:109250002045002008B500F0A7FCBDE80840FEF757
:10926000B5BF0000062108B50846FCF787FD0621BA
:109270000720FCF783FD06210820FCF77FFD06216F
:109280000920FCF77BFD06210A20FCF777FD06216B
:109290001720FCF773FD06212820FCF76FFD09213C
:1092A0007A20FCF76BFD09217C20FCF767FD072184
:1092B0003220FCF763FD0C212720FCF75FFD0C2119
:1092C0003520FCF75BFD0C215220BDE80840FCF77F
:1092D00055BD000008B5FFF775FD00F02DFCFDF74A
:1092E0003DF9FDF7DBF8FDF713FBFDF7E5F9FEF7B8
:1092F000A5F9BDE8084000F013BA000030B504330A
:10930000039C0172002104FB0325C160C0E90653E0
:10931000049B0363059BC0E90000C0E90422C0E987
:109320000842C0E90A11436330BD00000022416ACF
:10933000C260C0E90411C0E90A226FF00101FDF723
:10934000F7BE0000D0E90432934201D1C2680AB9E5
:10935000181D704700207047036919600021C2681A
:109360000132C260C269134482699342036124BF1F
:10937000436A0361FDF7D0BE38B504460D46E36885
:109380003BB162690020131D1268A3621344E362BB
:1093900007E0237A33B929462046FDF7ADFE0028C1
:1093A000EDDA38BD6FF00100FBE70000C368C26969
:1093B000013BC3604369134482699342436124BF04
:1093C000436A436100238362036B03B1184770470C
:1093D00070B53023044683F31188866A3EB9FFF7DF
:1093E000CBFF054618B186F31188284670BDA36AE5
:1093F000E26A13F8015B9342A36202D32046FFF7AF
:10940000D5FF002383F31188EFE700002DE9F84F23
:1094100004460F4691469A464FF0300888F311886B
:109420000026B346A56A4DB951462046FFF7A4FF72
:1094300020B185F311883046BDE8F88FD4E90A15CC
:10944000A9EB06036D1A9D4228BF1D46402D1AD96F
:109450003B4601F1400251F8040B914243F8040BE2
:10946000F9D1A36A403740364033E26AA3629A4298
:1094700002D82046FFF79AFF8BF311884E45DAD2C7
:1094800088F31188CEE738462A46F9F7C1F8A36A6F
:109490002F442E442B44E8E710B5029C043301729C
:1094A00003FB0421C460C0E906130023C0E90A33AA
:1094B000039B0363049BC0E90000C0E90422C0E9E8
:1094C0000842436310BD0000026A6FF00101C260F0
:1094D000426AC0E904220022C0E90A22FDF728BE40
:1094E0000346D0E90420824201D1DB681BB950F861
:1094F000043B0B60704700231846FAE7C36800215D
:10950000C2690133C3604369134482699342436172
:1095100024BF436A4361FDF7FFBD000038B5044630
:109520000D46E3683BB1236900201A1DA262E2697F
:109530001344E36207E0237A33B929462046FDF756
:10954000DBFD0028EDDA38BD6FF00100FBE700001D
:1095500003691960C268013AC260C2691344826932
:109560009342036124BF436A036100238362036B58
:1095700003B118477047000070B530230D4604460C
:10958000114683F31188866A2EB9FFF7C7FF10B121
:1095900086F3118870BDA36A1D70A36AE26A013365
:1095A0009342A36204D3E16920460439FFF7D0FF58
:1095B000002080F31188EDE72DE9F84F05460C46B1
:1095C00091469A464FF0300888F311880027BB4631
:1095D000AE6A4EB951462846FFF7A0FF20B186F388
:1095E00011883846BDE8F88FD5E90A06A9EB0703CC
:1095F000361A9E4228BF1E46402E1AD904F1400357
:1096000054F8042B9C4240F8042BF9D1AB6A403744
:109610004033EA6AAB629A4204D8E96928460439C1
:10962000FFF796FF8BF311884F45DAD288F3118844
:10963000CEE721463246F8F7EBFFAB6A34443744B5
:109640003344E6E7D0E9042103468A4216D1C068D4
:10965000A8B1986A98B10438801A10D0106001201F
:10966000D9680139D960D9690A4499698A421A616D
:1096700024BF5A6A1A6100229A627047002070471C
:1096800070B501F01F04550901234E090134B5EBF3
:10969000511F02F01F0203FA04F350F8254038BFAF
:1096A00050F8260003F1FF333DBFD4401840C2F10B
:1096B000200303EA040036BF9840D040204370BD29
:1096C00070B57E227F210546FFF7DAFF18B1012829
:1096D00019D0002070BD3E2249212846FFF7D0FF57
:1096E0002F22044631212846FFF7CAFF06460134DF
:1096F0005022023653212846B440FFF7C1FF0938F3
:1097000004FA00F0E6E7302245212846FFF7B8FFCB
:1097100001308002DEE70000D0F8D400704700007E
:1097200000F018BA014B586A704700BF000C0040A7
:10973000034B002258631A610222DA60704700BFAF
:10974000000C0040014B0022DA607047000C004022
:10975000014B5863704700BF000C0040024B034AA6
:109760001A60034A5A6070479466002040670020E0
:1097700000000220074B494210B55C68201A0840DF
:109780001968821A8A4203D3A24201D85A6010BDD6
:109790000020FCE79466002008B5302383F311888D
:1097A000FFF7E8FF002383F3118808BD0448054B49
:1097B00003600023C0E901330C3000F017B900BF8B
:1097C0009C66002099970008CB1D083A23F00703F8
:1097D000591A521A10B4D2080024C0E90043846018
:1097E0000C301C605A605DF8044B00F0FFB80000BC
:1097F0002DE9F84F374BCD1D8846002814BF814610
:109800009946082A4FEAD50538BF082209F10C0B02
:109810009246584600F02CF909F104020AF10701BA
:10982000CAF10000146874B9584600F02BF9D9F851
:109830000030CBB308225146E8009847044698B35D
:1098400040E9029830E06718D4F804C007400CF1F2
:109850000103A7F1080604EBC303B34238D9DF1BA9
:10986000B5EBE70F4FEAE70E32D8B4421FD204F14E
:109870000803AE45A6EB03034FEAE30363600BD98D
:10988000691CAEEB050E06EBC1020EF1FF3353600F
:10989000236846F8313022603446C6F804805846C2
:1098A00044F8089B00F0EEF82046BDE8F88FAC4580
:1098B00021680AD0013504EBC50044F8351000F1E9
:1098C00008015B1A0146DB10436026461160E3E79E
:1098D0002246A7E79C660020F8B550F8043C0446F1
:1098E00050F8085CA0F1080607332F1D0C35DB0883
:1098F00040F8043C284600F0BBF83B469F421A68FB
:1099000001D0B34228D20AB1964225D244F8082C9D
:1099100054F8042C1E60013254F8081C06EBC200F7
:10992000814206D1486810440A6844F8040C44F89F
:10993000082C59684A1C03EBC202964207D154F81E
:10994000042C01320A445A6054F8082C1A60284644
:10995000BDE8F84000F096B81346CFE7FEE70000F8
:1099600070B5002504461D4B86B005630E46816325
:109970005860FEF703FC04F12803A5606563C4E9A1
:109980000A3304F11003C4E904334FF0FF33C4E990
:109990000044C4E90635FFF7C5FE2B46024604F134
:1099A0003C012046C4E9082380230D4A6567FDF782
:1099B0001BFB7368E0600B4A03620123009280F88E
:1099C00024306846F26801923269CDE90223064BE1
:1099D000CDE90435FDF73EFB06B070BD104900200F
:1099E000ECA500080C9D00085D9900080023C0E963
:1099F000000083600361704770B51C4B05468468A6
:109A0000DE685CB3B44213D103690133036170BDF6
:109A1000A36094F8243083B1062B15D1A06A2146A7
:109A2000D4E9003213605A60FDF74AFAA36A9C68D1
:109A3000B368A2689A42EBD306E0D4E9003220462C
:109A400013605A60FDF74CFA28463146FDF738FAA4
:109A5000B5620620BDE87040FDF744BA0369866030
:109A600001330361336BC3603063D0E79848002053
:109A700008B5302383F31188FFF7BEFF002383F37B
:109A8000118808BD0346194AD0689A68824210B509
:109A90001FD1302282F31188196901391961A9B9DE
:109AA0001C68DA68A34202631DD0416B92B98160E1
:109AB000012218681A6102681A605360026B98608C
:109AC000DA600363FDF70CFAFDF75CFA002383F319
:109AD000118810BD1468A24203D0A468A14238BF07
:109AE0002146D268E2E79960F0E700BF984800207D
:109AF000024A536B03435363704700BF98480020EA
:109B000038B5EFF311859DB9EFF30584C4F308046C
:109B1000302334B183F31188FDF740FC85F31188BD
:109B200038BD83F31188FDF739FC84F3118838BD03
:109B3000BDE83840FDF732BC0023054A1946013321
:109B4000102BC2E9001102F10802F8D1704700BFE2
:109B5000BC660020114BD3F8E82042F00802C3F89D
:109B6000E820D3F8102142F00802C3F810210C4A73
:109B7000D3F81031D36B43F00803D363C722094BEA
:109B80009A624FF0FF32DA6200229A615A63DA6019
:109B90005A6001225A611A60704700BF004402589F
:109BA0000010005C000C0040094A08B51169D36838
:109BB0000B40D9B29B076FEA0101116107D5302331
:109BC00083F31188FDF704FA002383F3118808BD9D
:109BD000000C00404D4435002D2D0A002F617264A9
:109BE0007570696C6F742E6162696E002F617264AA
:109BF0007570696C6F742D7665726966792E616215
:109C0000696E002F6172647570696C6F742D666C7B
:109C10006173682E6162696E002F6172647570698C
:109C20006C6F742D666C61736865642E6162696E19
:109C30000053544D333248373F3F3F0053544D3368
:109C400032483733782F3732780053544D33324807
:109C50003734332F3735332F3735300040A2E4F116
:109C6000646891060041A3E5F265699207002F0040
:109C70005375636365737366756C6C79206D6F756E
:109C80006E746564205344436172642028736C6F62
:109C900077646F776E3D2575290A00EB76904558FD
:109CA00046415420202000464154333220202000D9
:109CB0002A3A3C3E7C223F7F002B2C3B3D5B5D00E3
:109CC000633000486F6C7962726F0025424F4152D9
:109CD00044252D424C002553455249414C25002531
:109CE000424F41524425005069786861776B364392
:109CF0002D55502D4B5552353030003031323334E4
:109D000035363738394142434445460069646C650D
:109D10000000000000000000000000002118000802
:109D2000C1180008711A0008F9180008B9180008CD
:109D3000000000000000000025180008CD180008F1
:109D4000A91A00081D1800082918000801105A0057
:109D50000310590001205800032056004355454187
:109D60004141414345454549494941414592924F09
:109D70004F4F5555594F554F9C4F9E9F41494F55F9
:109D8000A5A5A6A7A8A9AAABACADAEAFB0B1B2B31A
:109D9000B4414141B8B9BABBBCBDBEBFC0C1C2C36A
:109DA000C4C54141C8C9CACBCCCDCECFD1D1454520
:109DB0004549494949D9DADBDCDD49DF4FE14F4FFD
:109DC0004F4FE6E8E85555555959EEEFF0F1F2F3EB
:109DD000F4F5F6F7F8F9FAFBFCFDFEFF01030507C1
:109DE000090E10121416181C1E0000007D1D010023
:109DF000632C001E9601A01E5A01001F0806101FAA
:109E00000606201F0806301F0806401F0606511FC1
:109E10000700591F521F5B1F541F5D1F561F5F1FF6
:109E2000601F0806701F0E00BA1FBB1FC81FC91F86
:109E3000CA1FCB1FDA1FDB1FF81FF91FEA1FEB1F1A
:109E4000FA1FFB1F801F0806901F0806A01F0806A8
:109E5000B01F0400B81FB91FB21FBC1FCC1F0100E8
:109E6000C31FD01F0206E01F0206E51F0100EC1F02
:109E7000F31F0100FC1F4E2101003221702110024E
:109E8000842101008321D0241A05302C2F04602C5A
:109E90000201672C0601752C0201802C6401002D43
:109EA000260841FF1A03000061001A03E0001703AF
:109EB000F8000703FF0001007801000130013201C2
:109EC0000601390110014A012E01790106018001C4
:109ED0004D004302810182018201840184018601D7
:109EE0008701870189018A018B018B018D018E0118
:109EF0008F0190019101910193019401F601960166
:109F00009701980198013D029B019C019D0120024F
:109F10009F01A001A001A201A201A401A401A60128
:109F2000A701A701A901AA01AB01AC01AC01AE01D7
:109F3000AF01AF01B101B201B301B301B501B50188
:109F4000B701B801B801BA01BB01BC01BC01BE0137
:109F5000F701C001C101C201C301C401C501C401AF
:109F6000C701C801C701CA01CB01CA01CD01100157
:109F7000DD0101008E01DE011201F3010300F10198
:109F8000F401F401F8012801220212013A02090049
:109F9000652C3B023B023D02662C3F02400241021F
:109FA000410246020A015302400081018601550226
:109FB00089018A0158028F015A0290015C025D02F8
:109FC0005E025F0293016102620294016402650213
:109FD00066026702970196016A02622C6C026D02AA
:109FE0006E029C01700271029D01730274029F0156
:109FF00076027702780279027A027B027C02642C74
:10A000007E027F02A60181028202A90184028502EA
:10A0100086028702AE014402B101B20145028D02FF
:10A020008E028F0290029102B7017B030300FD03B1
:10A03000FE03FF03AC0304008603880389038A033D
:10A04000B1031103C2030200A303A303C403080363
:10A05000CC0303008C038E038F03D8031801F20393
:10A060000A00F903F303F403F503F603F703F70318
:10A07000F903FA03FA0330042003500410076004C4
:10A0800022018A043601C1040E01CF040100C0047C
:10A09000D00444016105260400000000C700FC0054
:10A0A000E900E200E400E000E500E700EA00EB0080
:10A0B000E800EF00EE00EC00C400C500C900E600B7
:10A0C000C600F400F600F200FB00F900FF00D60025
:10A0D000DC00F800A300D800D7009201E100ED00F9
:10A0E000F300FA00F100D100AA00BA00BF00AE00F0
:10A0F000AC00BD00BC00A100AB00BB0091259225C7
:10A10000932502252425C100C200C000A9006325B3
:10A11000512557255D25A200A500102514253425BD
:10A120002C251C2500253C25E300C3005A25542579
:10A1300069256625602550256C25A400F000D00017
:10A14000CA00CB00C8003101CD00CE00CF001825D9
:10A150000C2588258425A600CC008025D300DF00AF
:10A16000D400D200F500D500B500FE00DE00DA0014
:10A17000DB00D900FD00DD00AF00B400AD00B10090
:10A180001720BE00B600A700F700B800B000A80076
:10A19000B700B900B300B200A025A0001000024033
:10A1A000080002400008024000000B0028000240A6
:10A1B000080002400408024006010C004000024072
:10A1C000080002400808024010020D00580002403A
:10A1D000080002400C08024016030E007000024006
:10A1E0000C0002401008024000040F0088000240EA
:10A1F0000C0002401408024006051000A0000240B6
:10A200000C0002401808024010061100B80002407D
:10A210000C0002401C08024016072F0010040240E8
:10A2200008040240200802400008380028040240C8
:10A230000804024024080240060939004004024094
:10A240000804024028080240100A3A00580402405C
:10A25000080402402C080240160B3B007004024028
:10A260000C04024030080240000C3C00880402400C
:10A270000C04024034080240060D4400A0040240D1
:10A280000C04024038080240100E4500B804024099
:10A290000C0402403C080240160F4600010000007A
:10A2A0000000000000960000000000000000000018
:10A2B000000000000000000000000000000000009E
:10A2C00035760008397600081D61000859640008D9
:10A2D000B1600008D96000080161000899600008B9
:10A2E000000000001D6500080965000845650008BC
:10A2F000316500083D6500082965000815650008FE
:10A30000016500085165000800000000356600087E
:10A31000216600085D660008496600085566000869
:10A32000416600082D660008196600086966000885
:10A33000010000000000000000000000C09C0008B8
:10A34000000000000000000068460020984800203F
:10A350000000802A00020000AAAAAAAA0000002485
:10A36000FFFF00000000000000A00A00800200A023
:10A3700000000000AAAAAAAA40010050FFFF0000A6
:10A380000090090000000099000010560000000035
:10A39000AAAAAAAA00000055FFFB000000000000C6
:10A3A0000000080020A15A00000C0000AAAAAAAAD6
:10A3B00010410500FFFF0000000800BB770000000F
:10A3C0001080020000000000AAAAAAAA0040010012
:10A3D000FBFF00000000007007000000000000000C
:10A3E00000000000AAAAAAAA00000000FFFF0000C7
:10A3F000000000000000000000000000000000005D
:10A40000AAAAAAAA00000000FFFF000000000000A6
:10A41000000000000000000000000000AAAAAAAA94
:10A4200000000000FFFF000000000000000000002E
:10A430000000000000000000AAAAAAAA0000000074
:10A44000FFFF00000000000000000000000000000E
:10A4500000000000AAAAAAAA00000000FFFF000056
:10A4600000000000000000000000000000000000EC
:10A47000AAAAAAAA00000000FFFF00000000000036
:10A4800000000000F865002001010200317700089B
:10A4900041760008DD760008C17600080300000060
:10A4A000000000000D69000800000000100000001E
:10A4B000184900200000000001000000000000001A
:10A4C000020000000000000059680008C56800088C
:10A4D00040004000384900202849002002000000C8
:10A4E000000000000403090443000000F0A4000879
:10A4F00009024300020100C0320904000001020207
:10A5000001000524001001052401000104240202B9
:10A510000524060001070582030800FF0904010065
:10A52000020A000000070501024000000705810241
:10A5300040000000120000003CA5000812011001BC
:10A5400002000040623153000002010203010000DA
:10A5500000000020000002000200000000000030A7
:10A5600000000400080000000000002400000800B3
:10A57000040000000004000000FC000002000000D5
:10A5800000000430008000000800000000000038D7
:10A5900000000100010000001F1C1F1E1F1E1F1FC6
:10A5A0001E1F1E1F1F1D1F1E1F1E1F1F1E1F1E1FC3
:10A5B0000001000000100000080000008000000002
:10A5C000400100000800000000000000696A000867
:10A5D000216D0008CD6D0008400040004C65002052
:10A5E0004C65002001000000446500206D61696E2B
:10A5F000002C0438040438080C10141C20242526D0
:10A6000000000000000064040100040000000000DD
:10A61000000C001028303400505EFF7F0100000065
:10A62000482700000000000000001E00000000009D
:10A63000FF000000A84B0020204500208C45002092
:10A64000F845002000000000319C00088304000051
:10A650003C9C0008500400004A9C000801000000D7
:10A660000000000000960000000008000400000048
:10A67000E4A400080000000000000000000000004A
:10A680000000000000000000000000000096000034
:04A6900000000800BE
:00000001FF
