:020000040800F2
:1000000000060020E1020008E3020008E302000805
:10001000E3020008E3020008E3020008E30200082C
:10002000E3020008E3020008E3020008C9780008C0
:10003000E3020008E3020008E3020008E30200080C
:10004000E3020008E3020008E3020008E3020008FC
:10005000E3020008E3020008D587000801880008D1
:100060002D8800085988000885880008C5470008C1
:10007000ED47000819480008454800087148000885
:1000800099480008C5480008E3020008E302000898
:10009000E3020008E3020008E3020008B188000858
:1000A000E3020008E3020008E3020008E30200089C
:1000B000E3020008E3020008E3020008E30200088C
:1000C000E3020008E3020008E3020008E30200087C
:1000D000E3020008E3020008E30200089D8900082B
:1000E00015890008E3020008E3020008E3020008A3
:1000F000E3020008E3020008E3020008F1480008F8
:10010000E3020008E3020008D9890008E3020008BE
:10011000E3020008B1890008E3020008E3020008D6
:100120001D49000845490008714900089D4900081B
:10013000C9490008E3020008E3020008E3020008DE
:10014000E3020008E3020008E3020008E3020008FB
:10015000F14900081D4A0008494A0008E302000866
:10016000E3020008E3020008E3020008E3020008DB
:10017000E3020008B5840008E3020008E302000877
:10018000E3020008E3020008C5890008E302000852
:10019000E3020008E3020008E3020008E3020008AB
:1001A000E3020008E3020008E3020008E30200089B
:1001B000E3020008E3020008E3020008E30200088B
:1001C000E3020008E3020008E3020008E30200087B
:1001D000E3020008A1840008E3020008E30200082B
:1001E000E3020008E3020008E3020008E30200085B
:1001F000E3020008E3020008E3020008E30200084B
:10020000E3020008E3020008E3020008E30200083A
:10021000E3020008E3020008E3020008E30200082A
:10022000E3020008E3020008E3020008E30200081A
:1002300089890008E3020008E3020008E3020008DD
:10024000E3020008E3020008E3020008E3020008FA
:10025000E3020008E3020008E3020008E3020008EA
:10026000E3020008E3020008E3020008E3020008DA
:10027000E3020008E3020008E3020008E3020008CA
:10028000E3020008E3020008E3020008E3020008BA
:10029000E3020008E3020008E3020008E3020008AA
:1002A000E3020008E3020008E3020008E30200089A
:1002B000E3020008E3020008E3020008E30200088A
:1002C000E3020008E3020008E3020008E30200087A
:1002D000E3020008E3020008E3020008E30200086A
:1002E00002E000F000F8FEE772B6374880F30888B5
:1002F000364880F3098836483649086040F20000E5
:10030000CCF200004EF63471CEF200010860BFF36B
:100310004F8FBFF36F8F40F20000C0F2F0004EF637
:100320008851CEF200010860BFF34F8FBFF36F8F8B
:100330004FF00000E1EE100A4EF63C71CEF20001E3
:100340000860062080F31488BFF36F8F07F01EFB50
:1003500006F082FC4FF055301F491B4A91423CBFCA
:1003600041F8040BFAE71D49184A91423CBF41F895
:10037000040BFAE71A491B4A1B4B9A423EBF51F83D
:10038000040B42F8040BF8E700201849184A914280
:100390003CBF41F8040BFAE707F036FB06F0E0FC3F
:1003A000144C154DAC4203DA54F8041B8847F9E7A6
:1003B00000F0C4F9114C124DAC4203DA54F8041B9E
:1003C0008847F9E707F01EBB000600200022002046
:1003D0000000000808ED00E00000002000060020FA
:1003E000C89E0008002200207422002078220020ED
:1003F00034670020E0020008E0020008E002000884
:10040000E00200082DE9F04F2DED108AC1F80CD064
:10041000D0F80CD0BDEC108ABDE8F08F002383F338
:1004200011882846A047002006F0F8F9FEE706F0FC
:1004300051F900DFFEE7000053B94AB9002908BFAF
:1004400000281CBF4FF0FF314FF0FF3000F074B9AF
:10045000ADF1080C6DE904CE00F006F8DDF804E01B
:10046000DDE9022304B070472DE9F047089D0446FA
:100470008E46002B4DD18A42944669D9B2FA82F257
:1004800052B101FA02F3C2F1200120FA01F10CFA93
:1004900002FC41EA030E94404FEA1C48210CBEFBCB
:1004A000F8F61FFA8CF708FB16E341EA034306FB54
:1004B00007F199420AD91CEB030306F1FF3080F0E3
:1004C0001F81994240F21C81023E63445B1AA4B230
:1004D000B3FBF8F008FB103344EA034400FB07F7D2
:1004E000A7420AD91CEB040400F1FF3380F00A8113
:1004F000A74240F207816444023840EA0640E41B08
:1005000000261DB1D4400023C5E900433146BDE8B3
:10051000F0878B4209D9002D00F0EF800026C5E955
:10052000000130463146BDE8F087B3FA83F6002E6D
:100530004AD18B4202D3824200F2F980841A61EBE5
:10054000030301209E46002DE0D0C5E9004EDDE703
:1005500002B9FFDEB2FA82F2002A40F09280A1EBEB
:100560000C014FEA1C471FFA8CFE0126200CB1FB40
:10057000F7F307FB131140EA01410EFB03F0884239
:1005800008D91CEB010103F1FF3802D2884200F2C6
:10059000CB804346091AA4B2B1FBF7F007FB101158
:1005A00044EA01440EFB00FEA64508D91CEB0404F6
:1005B00000F1FF3102D2A64500F2BB800846A4EB51
:1005C0000E0440EA03409CE7C6F12007B34022FA3C
:1005D00007FC4CEA030C20FA07F401FA06F31C436B
:1005E000F9404FEA1C4900FA06F3B1FBF9F8200C78
:1005F0001FFA8CFE09FB181140EA014108FB0EF0BE
:10060000884202FA06F20BD91CEB010108F1FF3A0D
:1006100080F08880884240F28580A8F10208614419
:10062000091AA4B2B1FBF9F009FB101144EA014127
:1006300000FB0EFE8E4508D91CEB010100F1FF34D2
:100640006CD28E456AD90238614440EA0840A0FB6A
:100650000294A1EB0E01A142C846A64656D353D040
:100660005DB1B3EB080261EB0E0101FA07F722FA64
:1006700006F3F1401F43C5E9007100263146BDE88D
:10068000F087C2F12003D8400CFA02FC21FA03F3F0
:10069000914001434FEA1C471FFA8CFEB3FBF7F071
:1006A00007FB10360B0C43EA064300FB0EF69E4296
:1006B00004FA02F408D91CEB030300F1FF382FD22F
:1006C0009E422DD9023863449B1B89B2B3FBF7F6D7
:1006D00007FB163341EA034106FB0EF38B4208D9B0
:1006E0001CEB010106F1FF3816D28B4214D9023EF1
:1006F0006144C91A46EA004638E72E46284605E70F
:100700000646E3E61846F8E64B45A9D2B9EB0208DF
:1007100064EB0C0E0138A3E74646EAE7204694E76F
:100720004046D1E7D0467BE7023B614432E73046A2
:1007300009E76444023842E7704700BF38B501F06A
:1007400013FA01F0D7FB06F0ABFF054607F0B2F84D
:10075000044610BB134B9D4221D001339D4241F210
:10076000883504BF0124002501F072FC20B100256A
:10077000032000F069F82C46002006F09BFF0CB126
:1007800000F078F801F056FB00F032FD08B100F0FF
:1007900071F8284600F028F9F9E70025E4E7054656
:1007A000E2E700BF010007B008B501F0A9F9A0F128
:1007B00020035842584108BD07B541F212030221F7
:1007C00001A8ADF8043001F0B9F903B05DF804FBFD
:1007D00038B5302383F31188174803680BB106F04E
:1007E00001F90023154A4FF47A71134806F0F0F826
:1007F000002383F31188124C236813B12368013B53
:100800002360636813B16368013B63600D4D2B780F
:1008100033B963687BB9022001F06EFA322363605A
:100820002B78032B07D163682BB9022001F064FAFF
:100830004FF47A73636038BD78220020D107000836
:100840009823002090220020084B187003280CD811
:10085000DFE800F008050208022001F03DBA02209E
:1008600001F02ABA024B00225A6070479022002001
:1008700098230020F8B501F0EBFB30B1524B032276
:100880001A700022514B5A60F8BD514B514A1C4618
:1008900019680131F8D004339342F9D162684E4BA4
:1008A0009A42F1D94D4B9B6803F1006303F5003385
:1008B0009A42E9D2002001F071F90220FFF7C4FF4B
:1008C000474B0021D3F8E820C3F8E810D3F81021F3
:1008D000C3F81011D3F81021D3F8EC20C3F8EC10B2
:1008E000D3F81421C3F81411D3F81421D3F8F0204D
:1008F000C3F8F010D3F81821C3F81811D3F8182151
:10090000D3F8802042F00062C3F88020D3F8802022
:1009100022F00062C3F88020D3F88020D3F8802032
:1009200042F00072C3F88020D3F8802022F00072D9
:10093000C3F88020D3F8803072B64FF0E023C3F8BC
:10094000084DD4E90004BFF34F8FBFF36F8F254AE2
:10095000C2F88410BFF34F8F536923F4803353617F
:10096000BFF34F8FD2F8803043F6E076C3F3C9056A
:10097000C3F34E335B0103EA060C29464CEA817748
:100980000139C2F87472F9D2203B13F1200FF2D171
:10099000BFF34F8FBFF36F8FBFF34F8FBFF36F8FD7
:1009A000536923F4003353610023C2F85032BFF37C
:1009B0004F8FBFF36F8F302383F31188854680F309
:1009C0000888204760E700BF90220020982300207D
:1009D0000000020820000208FFFF0108002200209A
:1009E0000044025800ED00E02DE9F04F93B0B44B05
:1009F0002022FF2100900AA89D6801F0C5F9B14AA4
:100A00001378A3B90121B04811700360302383F338
:100A1000118803680BB105F0E5FF0023AB4A4FF4E2
:100A20007A71A94805F0D4FF002383F31188009B55
:100A300013B1A74B009A1A60A64A1378032B03D070
:100A400000231370A24A53604FF0000A009CD34663
:100A50005646D146012001F03FF924B19C4B1B685A
:100A6000002B00F02682002001F04AF80390039B3F
:100A7000002BF2DB012001F01FF9039B213B1F2B10
:100A8000E8D801A252F823F0090B0008310B000846
:100A9000C50B0008550A0008550A0008550A000849
:100AA000570C0008270E0008410D0008A30D000890
:100AB000CB0D0008F10D0008550A0008030E0008D0
:100AC000550A0008750E0008A90B0008550A000811
:100AD000B90E0008150B0008A90B0008550A0008FC
:100AE000A30D0008550A0008550A0008550A000819
:100AF000550A0008550A0008550A0008550A00085A
:100B0000550A0008C50B00080220FFF74DFE00281B
:100B100040F0F981009B022105A8BAF1000F08BF3F
:100B20001C4641F21233ADF8143001F007F891E79A
:100B30004FF47A7000F0E4FF071EEBDB0220FFF7B2
:100B400033FE0028E6D0013F052F00F2DE81DFE80A
:100B500007F0030A0D1013360523042105A8059399
:100B600000F0ECFF17E004215548F9E704215A484A
:100B7000F6E704215948F3E74FF01C08404608F116
:100B8000040801F00DF80421059005A800F0D6FF37
:100B9000B8F12C0FF2D101204FF0000900FA07F74D
:100BA00047EA0B0B5FFA8BFB01F03AF926B10BF029
:100BB0000B030B2B08BF0024FFF7FEFD4AE70421BF
:100BC0004748CDE7002EA5D00BF00B030B2BA1D18E
:100BD0000220FFF7E9FD074600289BD001200026F0
:100BE00000F0DCFF0220FFF72FFE1FFA86F84046D8
:100BF00000F0E4FF0446B0B1039940460136A1F18C
:100C000040025142514100F0E9FF0028EDD1BA46BF
:100C1000044641F21213022105A83E46ADF81430F5
:100C200000F08CFF16E725460120FFF70DFE244B50
:100C30009B68AB4207D9284600F0B2FF013040F074
:100C400067810435F3E70025224BBA463E461D7006
:100C50001F4B5D60A8E7002E3FF45CAF0BF00B0369
:100C60000B2B7FF457AF0220FFF7EEFD322000F090
:100C700047FFB0F10008FFF64DAF18F003077FF40F
:100C800049AF0F4A08EB0503926893423FF642AF23
:100C9000B8F5807F3FF73EAF124BB845019323DD97
:100CA0004FF47A7000F02CFF0390039A002AFFF6AD
:100CB00031AF039A0137019B03F8012BEDE700BF29
:100CC000002200209423002078220020D107000871
:100CD00098230020902200200422002008220020D7
:100CE0000C22002094220020C820FFF75DFD07465B
:100CF00000283FF40FAF1F2D11D8C5F120020AAB19
:100D000025F0030084494245184428BF4246019219
:100D100001F014F8019AFF217F4801F035F84FEAFD
:100D2000A803C8F387027C492846019301F034F8F0
:100D3000064600283FF46DAF019B05EB830533E7C2
:100D40000220FFF731FD00283FF4E4AE00F064FF1D
:100D500000283FF4DFAE0027B846704B9B68BB42CB
:100D600018D91F2F11D80A9B01330ED027F0030387
:100D700012AA134453F8203C05934046042205A9C7
:100D8000043701F04FF98046E7E7384600F008FFE6
:100D90000590F2E7CDF81480042105A800F0CEFEFE
:100DA00002E70023642104A8049300F0BDFE00289C
:100DB0007FF4B0AE0220FFF7F7FC00283FF4AAAEA4
:100DC000049800F01FFF0590E6E70023642104A8C3
:100DD000049300F0A9FE00287FF49CAE0220FFF7E8
:100DE000E3FC00283FF496AE049800F00DFFEAE71C
:100DF0000220FFF7D9FC00283FF48CAE00F01CFF66
:100E0000E1E70220FFF7D0FC00283FF483AE05A9FC
:100E1000142000F017FF07460421049004A800F0F6
:100E20008DFE3946B9E7322000F06AFE071EFFF654
:100E300071AEBB077FF46EAE384A07EB09039268C8
:100E400093423FF667AE0220FFF7AEFC00283FF466
:100E500061AE27F003074F44B9453FF4A5AE4846BD
:100E600009F1040900F09CFE0421059005A800F09A
:100E700065FEF1E74FF47A70FFF796FC00283FF427
:100E800049AE00F0C9FE002844D00A9B01330BD0C4
:100E900008220AA9002000F07FFF00283AD0202273
:100EA000FF210AA800F070FFFFF786FC1C4805F040
:100EB000BBFC13B0BDE8F08F002E3FF42BAE0BF05F
:100EC0000B030B2B7FF426AE0023642105A80593AA
:100ED00000F02AFE074600287FF41CAE0220FFF730
:100EE00063FC804600283FF415AEFFF765FC41F235
:100EF000883005F099FC059800F0DAFF46463C463C
:100F000000F08EFFA6E506464EE64FF0000901E62A
:100F1000BA467EE637467CE6942200200022002076
:100F2000A086010070470000704700007047000075
:100F30002DE9F04100F58037044616463B7C5BB94D
:100F4000C0681030204400F0F9FEE5683544B5F57E
:100F5000004FE56002D816B1BDE8F081DEB905F0BA
:100F60007F0605F110000021C6F180062044F6B28C
:100F700032462E4400F008FFA06804F11008324603
:100F800000F10060414600F5003006F029F930B963
:100F900001233B74E0E74FF400463546ECE7A268D6
:100FA00005F11001404632442144A260E268521B20
:100FB000E26000F0C3FE0220BDE8F04100F09CBEFC
:100FC000183000F0E9BC000010B5044601F0C4F888
:100FD000204610BD10B5044601F0BEF8204610BDF5
:100FE000C0B2A0F14103052B02D83738C0B2704718
:100FF000A0F16103052B94BF57383038F6E70000A5
:1010000070B504461546084603220C4900F0A0FEC0
:10101000014688B908346E1C15F91100FFF7E0FF8E
:10102000024616F911000131FFF7DAFF102940EAF4
:10103000021004F8010BEFD170BD00BF70940008DE
:101040002DE9F04FADF53F7D0746416801222AA802
:1010500002F064FF002840F0878006468246814601
:101060001125DFF80C81DFF80CB101AB4FF4805291
:1010700041462AA803F0B2F8002875D1019AB2F5CA
:10108000805F71D8002A65D00446019A9442ECD260
:10109000282D0FD008DC132D2DD01E2D39D0112D69
:1010A00013D00134A4B2F0E7322D2DD0372D2FD03C
:1010B0002D2DF6D13B68121B08EB040138461B6945
:1010C0002D259847BDF80440EBE7121B022A09D9E9
:1010D000594608EB040000F03BFE18B902342825FD
:1010E000A4B2DEE718F804303A2B3DD00A2B1CBF1F
:1010F000A1461325D5E718F804300A2B34D03A2B33
:1011000004BFA2463225CCE718F80430202BC8D003
:10111000264618F804300A2B1AD1AAEB090208EB6C
:10112000090102A811254F2A28BF4F2208F08CF987
:10113000A21B08EB060116A84F2A28BF4F2208F071
:1011400083F93B6816AA02A9DB6838469847A8E7E6
:101150001E25A6E73B68384604491B6998470120CD
:101160000DF53F7DBDE8F08F0020F9E74C950008B4
:10117000A02300207494000800F1180110B5044663
:1011800086B00846019100F0F1FB2046FFF758FFBA
:1011900060B1019902A800F049FC102204F1080195
:1011A00002A808F0EFF8B0FA80F0400906B010BDD0
:1011B00070B504460025EEB2304600F0FFFC58B191
:1011C00000213046013500F009FD08B9002070BD4E
:1011D000022000F091FDEEE72046FFF731FF0028E6
:1011E000F4D004F58034207C80F00100EFE70000AB
:1011F000F0B5C9B006F06CFA00F0CAFF18B90025C6
:10120000284649B0F0BD69462A4803F0A9F80028ED
:101210004BD1294C204603F0D3F8284803F0D0F8EE
:10122000274803F0CDF82146224803F045F900286D
:10123000E5D1702000F08AFF064610B1214B4460D2
:101240000360336830469B689847054600282ED0D7
:101250001A4F1948394603F02FF905460028CED118
:10126000194800F073FF044638B1184B476003601B
:1012700000F58033C0E902551D74236820469B6841
:101280009847054628B10E490C4803F015F9002887
:10129000B5D1336830465B6898471CB12368204657
:1012A0005B68984700F05CFFAAE70025FAE7044670
:1012B000EFE700BF78940008889400089F94000826
:1012C000B5940008D894000814000100F4940008B4
:1012D0002DE9F04FD44A8DB00B68D0F804A00193EB
:1012E0001A440368D14E1A44D1F81C90DFF8B4C3F5
:1012F000DFF8B4B3D0E90234634003EA0A03634081
:1013000013444A6802920AEB7363029CC84A22445F
:10131000C468224484688AEA04051D406540154477
:101320008A68039203EB3555039CC24A22448468C1
:1013300022448AEA03042C4084EA0A041444CA685A
:1013400005EBF4340492164483EA05022240564425
:101350005A4032440E69059604EBB222059FB64E00
:101360003E441E4485EA040313406B4033444E69F7
:10137000069602EB7363069FB04E3E442E4484EA09
:1013800002051D40654035448E69079603EB3555CF
:10139000079FAB4E3E44264482EA03042C4054404F
:1013A0003444A84E4E4405EBF434164483EA050257
:1013B00022405A4032440E6A089604EBB222089F3B
:1013C000A14E3E441E4485EA040313406B4033445F
:1013D0004E6A099602EB7363099F9C4ED1F830E088
:1013E0003E44D1F83880F3442E4484EA02051D407F
:1013F000654035448E6AA6F5244703EB35550A96B9
:101400004F3F274482EA03042C4054403C44CF6AB7
:101410000B9705EBF4340B9E8D4F3744029E174417
:1014200083EA050222405A403A448A4F774404EB4B
:10143000B2221F4485EA040313406B403B444F6BC8
:10144000BC4402EB7363654484EA020C0CEA030CAF
:101450008CEA040C6544DFF854C2C44403EB3555F0
:10146000A44482EA03042C4054406444D1F83CC0B4
:10147000794905EBF4346144114483EA05022240C2
:101480005A400A44754904EBB2223144079E19447C
:1014900084EA02032B4063400B44714902EBF3637F
:1014A00031440B9E0D4482EA0301214051402944FE
:1014B0006C4D03EBF1513544019E254483EA010450
:1014C00014405C402C44684D01EBB4443544069E06
:1014D000154481EA04021A404A402A44634D04EB51
:1014E000323235440A9E1D4484EA02030B406340B5
:1014F0002B445F4D02EBF3633544059E0D4482EAB5
:1015000003012140514029445A4D03EBF1516544F8
:10151000254483EA010414405C402C44564D01EB01
:10152000B4443544099E154481EA04021A404A40F5
:101530002A44524D04EB32323544049E1D4484EA61
:1015400002030B4063402B444D4D02EBF3634544D3
:101550000D4482EA0301214051402944494D03EBE7
:10156000F1513544089E2C4483EA010515405D4045
:101570002C44454D01EBB4443544039E2A4481EA92
:1015800004051D404D402A44404D04EB32323D4499
:101590002B4484EA020593440D4065402B443C4DA6
:1015A00002EBF3633544069E294482EA0305254095
:1015B00055402944374D03EBF1514D442C4483EA07
:1015C000010515405D40254401EBB54581EA050460
:1015D00004EA03024A405A44A6F5B82B089E05EBDC
:1015E0003232ABF2BE6B54405B4423442A4C344449
:1015F00002EB33730B9E0C4485EA020159402144EF
:10160000264C344403EB7151029E254482EA0304C4
:101610004C402544224C444401EB3545144483EAB4
:1016200001026A40224443E078A46AD7EECEBDC1ED
:1016300056B7C7E8DB702024AF0F7CF52AC6874772
:10164000134630A8019546FDD8988069AFF7448BC2
:10165000BED75C892211906B2108B44962251EF621
:1016600040B340C0515A5E26AAC7B6E95D102FD6D6
:101670005314440281E6A1D8C8FBD3E7E6CDE121AB
:10168000D60737C3870DD5F4ED145A4505E9E3A90C
:10169000F8A3EFFCD9026F6781F6718722619D6D17
:1016A0000C38E5FD937198FD8A4C2A8D8E4379A6FE
:1016B000934C344405EB7222059E1C4481EA0503D9
:1016C000534023448F4C344402EB33730A9E0C4442
:1016D00085EA0201594021448B4C4C4403EB715183
:1016E000254482EA03044C402C44884D354401EBE8
:1016F0003444019E154483EA010262402A44844D29
:101700003D4404EB72221D4481EA040353402B4400
:10171000804D354402EB3373049E294484EA02056C
:101720005D4029447C4D354403EB7151079E2544AF
:1017300082EA03044C402C44784D354401EB344498
:10174000099E2A4483EA010565401544744A3244DF
:1017500004EB7525039E134481EA04026A401A448F
:10176000704B734405EB32720B4484EA050151401F
:1017700019446D4B634402EB71511C4485EA02032A
:101780004B401C44694B334401EB3444019E1D44DF
:1017900082EA010363402B44654D04EB7323354417
:1017A000069E154463EA010262402A44614D03EB40
:1017B000B2624D4462EA040929445F4D89EA030993
:1017C000454449442C445D4D02EBB1513544049EDF
:1017D00061EA03081D4488EA0208444401EB7444AA
:1017E00064EA02034B402B44554D04EBF32375444C
:1017F00063EA010E15448EEA040E0EEB0502514D0C
:1018000003EBB262354462EA040E29440A9D8EEA73
:10181000030EA5F580164C4D7144A6F6833602EBF7
:10182000B151264461EA030454403444029E01EB62
:101830007444354464EA02061D444E407319089E00
:10184000424D04EBF323354463EA01061544664038
:1018500072193F4D03EBB262654462EA0406294403
:101860003C4D5E403144079E02EBB151354461EA84
:1018700003062C44384D56403D443444059E1D44D7
:1018800001EB744464EA02034B402B44334D04EBF8
:10189000F32335440B9E154463EA010262402A4457
:1018A0002F4D03EBB2623544039E0D4462EA0401FE
:1018B000594029442B4D02EBB15135442A4E254461
:1018C00061EA030454402C44099D01EB74442E4406
:1018D00064EA02051E4485EA01039D1903681A445F
:1018E0000AEB040303EBF5230260436083681C44A6
:1018F000C36819448460C1600DB0BDE8F08F00BFBB
:1019000044EABEA4A9CFDE4B604BBBF670BCBFBEA1
:10191000C67E9B28FA27A1EA8530EFD4051D8804EE
:1019200039D0D4D9E599DBE6F87CA21F6556ACC462
:10193000442229F497FF2A43A72394AB39A093FCB0
:10194000C3595B6592CC0C8FD15D84854F7EA86FA7
:10195000E0E62CFE144301A3A111084E827E53F74A
:1019600035F23ABDBBD2D72A91D386EB094B03603F
:1019700003F18833436003F12943A3F59613A3F6DB
:101980008B638360A3F18833C3600023C0E9043311
:10199000704700BF012345672DE9F84314460269EB
:1019A00005460E46E300C2F3C50800F118079B1870
:1019B000036122BF43690133436112F4FC7F436931
:1019C00003EB5473436114D0C8F1400907EB0800DE
:1019D0004C4504D22246BDE8F84307F005BD403C23
:1019E0004A464E4407F000FD444439462846FFF776
:1019F0006FFCA04606EB0409B8F13F0FA9EB080104
:101A00000AD94022384607F0EFFC39462846A8F1AB
:101A10004008FFF75DFCEFE7A1096FF03F02384691
:101A200002FB014206EB8111D5E7000070B50B699E
:101A300001F1180506460C46C3F3C503EA18501C0D
:101A40008022EA54C3F13F02072A1FD8002100F088
:101A50009BF929462046FFF73BFC38220021284607
:101A600000F092F92369294620462365636963657E
:101A7000FFF72EFC21461022304607F0B5FC204629
:101A800058220021BDE8704000F07EB9C3F1370252
:101A90000021E5E72DE9F84F4FF47A7306460D462D
:101AA000002402FB03F7DFF85080DFF8509098F92C
:101AB00000305FFA84FA5A1C01D0A34210D159F8C1
:101AC00024002A4631460368D3F820B03B46D84765
:101AD000854205D1074B012083F800A0BDE8F88FAF
:101AE0000134042CE3D14FF4FA7004F09DFE002081
:101AF000F4E700BFE433002010220020142200206D
:101B0000002307B5024601210DF107008DF80730CB
:101B1000FFF7C0FF20B19DF8070003B05DF804FB9C
:101B20004FF0FF30F9E700000A46042108B5FFF73F
:101B3000B1FF80F00100C0B2404208BD074B0A4629
:101B400030B41978064B53F82140014623682046EB
:101B5000DD69044BAC4630BC604700BFE433002075
:101B600014220020A086010070B50A4E00240A4D00
:101B700005F0DAFA308028683388834208D905F006
:101B8000CFFA2B6804440133B4F5003F2B60F2D345
:101B900070BD00BFE6330020A033002005F09EBBDF
:101BA00000F1006000F500300068704700F100604F
:101BB000920000F5003005F013BB0000054B1A68D9
:101BC000054B1B889B1A834202D9104405F0A8BA22
:101BD00000207047A0330020E633002038B50446CB
:101BE000074D29B128682044BDE8384005F0B0BA57
:101BF0002868204405F09AFA0028F3D038BD00BFC9
:101C0000A03300200020704700F1FF5000F58F1036
:101C1000D0F8000870470000064991F8243033B12D
:101C200000230822086A81F82430FFF7BFBF012093
:101C3000704700BFA4330020014B1868704700BFF5
:101C40000010005C194B01380322084470B51D6870
:101C5000174BC5F30B042D0C1E88A6420BD15C68F4
:101C60000A46013C824213460FD214F9016F4EB16D
:101C700002F8016BF6E7013A03F10803ECD1814267
:101C80000B4602D22C2203F8012B0424094A1688A1
:101C9000AE4204D1984284BF967803F8016B013CB0
:101CA00002F10402F3D1581A70BD00BF0010005CAD
:101CB0002422002034950008022804D1054B4FF05F
:101CC00000629A6170470128FCD1024B4FF080629C
:101CD000F7E700BF000C0258022804D1054B4FF46F
:101CE00000629A6170470128FCD1024B4FF4806278
:101CF000F7E700BF000C0258022805D1064A5369D5
:101D000083F40063536170470128FCD1024A536990
:101D100083F48063F6E700BF000C025870B50446F8
:101D20004FF47A764CB1412C254628BF412506FB5D
:101D300005F0641B04F078FDF4E770BD002310B5D6
:101D4000934203D0CC5CC4540133F9E710BD0000CA
:101D5000013810B510F9013F3BB191F900409C42A8
:101D600003D11AB10131013AF4E71AB191F9002017
:101D7000981A10BD1046FCE703460246D01A12F925
:101D8000011B0029FAD1704702440346934202D056
:101D900003F8011BFAE770472DE9F8431F4D14467D
:101DA0000746884695F8242052BBDFF870909CB314
:101DB00095F824302BB92022FF2148462F62FFF7E7
:101DC000E3FF95F824004146C0F1080205EB8000CE
:101DD000A24228BF2246D6B29200FFF7AFFF95F885
:101DE0002430A41B17441E449044E4B2F6B2082EDB
:101DF00085F82460DBD1FFF70FFF0028D7D108E07A
:101E00002B6A03EB82038342CFD0FFF705FF002844
:101E1000CBD10020BDE8F8830120FBE7A4330020EC
:101E2000024B1A78024B1A70704700BFE43300204F
:101E300010220020F8B5194C194803F0FDFF214687
:101E4000174804F025F824684FF47A70154ED4F83A
:101E50009020154DD2F80438114F43F00203C2F818
:101E60000438FFF75BFF2046104904F01FF9D4F84F
:101E700090200424D2F8043823F00203C2F8043876
:101E80004FF4E133336055F8040BB84202D03146C9
:101E900003F030FF013CF6D1F8BD00BF409D0008C3
:101EA00018490020CC33002014220020489D00084F
:101EB0000C4B70B50C4D04461E780C4B55F8262083
:101EC0009A420DD00A4B002118221846FFF75CFFFA
:101ED0000460014655F82600BDE8704003F00ABFD3
:101EE00070BD00BFE43300201422002018490020F8
:101EF000CC3300202DE9F04771B6464B01201D6818
:101F0000454BB3F8008000231A46194602F044FE00
:101F10000446802005F082FA0746002862D0002C93
:101F200060D03E4EADB24FF0800A7369284643F050
:101F3000C0637361D6F8143143F0C063C6F814313E
:101F400005F0EEF805EB080200FB05F34FF4D06C4A
:101F500050434FF03D0E984233D93269520144D478
:101F6000D6F81021510140D4216803F100628A6043
:101F70002268D7602268C2F804A02268C2F800C0B4
:101F8000D4F80090D9F8002042F00102C9F80020EE
:101F9000D4F80090D9F8002022F01E02C9F80020E1
:101FA000D4F80090D9F80020D207FBD494F80C9014
:101FB000803361680EFA09F20A60CCE7002005F070
:101FC0008DF9204602F028FE384605F063FA134BDF
:101FD0005A6942F0C0625A61D3F8142142F0C062DB
:101FE000C3F8142161B6BDE8F0870D4B9A6A42F43C
:101FF00000729A629A6A42F400429A6261B60026BE
:10200000012005F06BF9B045D8D9A819013605F0C3
:102010009FF8F8E7A0330020E633002000200052AC
:1020200000ED00E030B50A44084D91420DD011F8A2
:10203000013B5840082340F30004013B2C4013F0BF
:10204000FF0384EA5000F6D1EFE730BD2083B8EDFE
:10205000F7B5384A6B46106851686A4603C30823CF
:102060003549364807F09EF90446002833D10A2541
:10207000334A6B46106851686A4603C308233149E6
:102080002E4807F08FF90446002849D00369B3F5BC
:10209000F01F45D8B0F8661042F2487291423FD125
:1020A000294A024402F15C018B4239D35C3B23494B
:1020B00000209E1AFFF7B6FF04F16401074632467E
:1020C0000020FFF7AFFFA3689F4229D1E368984241
:1020D00008BF002524E00369B3F5F01F27D8418B22
:1020E00042F24872914220D1174A024402F1100193
:1020F0008B4218D3103B114900209D1AFFF792FF25
:1021000004F1180106462A460020FFF78BFFA3685A
:102110009E4202D1E368984201D00D25A8E7002530
:10212000284603B0F0BD1025A2E70C25A0E70B253B
:102130009EE700BF44950008DCFF1D000000020878
:102140004D95000890FF1D000800FEF70121884210
:1021500038BF084605F09AB908B105F09BB9704739
:1021600010B5084C01220849002001F0B3FE237885
:102170003BB1064803F036FD044803F069FD002337
:10218000237010BDE833002058950008C8360020A1
:102190001D482DE9F041036D2BB901224FF4805108
:1021A000503005F0D9FA194E33780BB1FFF7D8FF4C
:1021B0000324174F4FF00008134D15492846C7F860
:1021C000048003F037FD284603F070FB48B1013C62
:1021D000284603F03DFD14F0FF04EED12046347094
:1021E0000FE00C4901220C4801F074FE014618B1C1
:1021F000284603F0F7FCEAE7084800F011F8012050
:102200003070BDE8F08100BFC8360020E833002000
:102210003C22002058950008EC3300205C95000813
:102220000FB4002004B07047006870470346006890
:10223000596870470B0A017043700B0C090E8370CC
:10224000C1707047110A027003714170110C120EB7
:102250008170C2701A0A42711A0C1B0E8271C3710E
:1022600070470000C36A0239023B8B4283BF438937
:10227000006C01FB0300002070470000C2F307233D
:102280008A76CB760378032B01BF120C0A75120AEB
:102290004A75704700F10B010022D30143EA520353
:1022A00010F8012B52FA83F38842DAB2F5D11046C6
:1022B0007047000010B54178044600200131024605
:1022C0004901022A16BFA35C032203EBC03302F1CB
:1022D00001021EBF9BB203EB500398B29142F0D8AB
:1022E00010BD000002684AB1134613F8011B1F29F4
:1022F0000DD93A29F9D1911C8B4202D04FF0FF3011
:1023000070471278302AF9D1036000207047014BE2
:10231000187870473836002038B50D46044618B98D
:10232000092000232B6038BD0368002BF8D01A78F1
:10233000002AF5D08188DA889142F1D1587804F0EA
:102340000FFC10F00100EBD12368EBE738B50D4628
:1023500040F25231144602F0B9F9FF2807D9012C96
:102360000BD9030A022468702B70204638BD30B1A7
:10237000002CFAD001242870F7E70024F5E7044682
:10238000F3E700002DE9F8430026D0F80080054669
:102390000C468E76836B002B4AD098F80030042BC5
:1023A0004BD133463546402720E0B7F5187F80F003
:1023B000C480F90606F1010608BF0237D05B023778
:1023C0002BB900F5205292B2B2F5006F0DD305F192
:1023D0001A01C5F1FF0240EA03402144FFF7B6FFAE
:1023E000002800F0AA80054400200346D8F81020F9
:1023F00092F82310B142D8D8002B40F09E80002DD7
:1024000000F09B8000232544AB766373D8F810203E
:10241000137903F03701DB0621730BD402F1380086
:10242000FFF704FFC4E9000193896381D389238105
:10243000BDE8F88300200146F4E7C36C01335ED1A8
:10244000EA6B00232E26551E184615F8011F013091
:1024500020290CD0052908BFE521092804D10B2B20
:102460009EBFE71801337E73E718013379730B2899
:10247000EBD1E11800204873A17E00294BD1002B3D
:1024800040D06FF00C0604F10D000825361B331800
:1024900010F8011B002938D02E298BB24AD0A3F1A5
:1024A0004101192903D8117B0D4200D02033037359
:1024B000EDE7B9F1000F05D100F520539BB2B3F55C
:1024C000006F0BD307F11A01C7F1FF0240EA094080
:1024D0002144FFF73BFF48B1074400200236814604
:1024E000D8F80C30985B0028E3D13846B9F1000FDA
:1024F0004FF0000218BF002023189A76A0E7B146DB
:102500003746EDE73F23A376012323440021997644
:10251000137B03B96373D37A02F11C0003F03F030A
:1025200023730023FFF780FE20606360D38A6381FA
:10253000138B7CE710250B46B9E73F230125A376D3
:1025400060E7000038B50546002435F8020B08B9ED
:10255000204638BD02F0EEF86308C2B203EBC43384
:1025600012FA83F39AB2C0F3072303EB520303EB8F
:10257000C2339CB2E9E7000037B5C37804461BB903
:102580000025284603B030BD00F14C01826C0123C8
:102590004078019104F00AFB054680B9A36BE07016
:1025A000A06C226BC31A9342EAD2A3780199022B42
:1025B000E6D102440123607804F0F8FAE1E701254E
:1025C000DFE7000038B5836C05460C468B4210D01F
:1025D000FFF7D2FF60B92246012305F14C0168786C
:1025E00004F0C0FA00281CBF4FF0FF340120AC6497
:1025F00038BD0020FCE7000038B500230446C37056
:102600004FF0FF338364FFF7DDFF00284BD1B4F8B0
:102610004A524AF655239D4207D10B22254904F11F
:102620004C0006F0AFFE00283FD094F84C30EB2B66
:1026300003D01833DBB2012B2ED84AF655239D4226
:1026400006D108221C4904F19E0006F09BFE48B307
:10265000B4F85730B3F5007F1ED194F85930DBB190
:102660005A1E1A4218D1B4F85A30ABB194F85C3003
:10267000013B012B10D8B4F85D306BB1B4F85F307A
:102680007F2B06D804F16C00FFF7CEFDB0F5803F3C
:1026900002D3B4F8623053B94AF6552085420CBFD4
:1026A0000220032038BD0420FCE70120FAE70020C7
:1026B000F8E700BF889500089495000802392DE9D5
:1026C000F04701F007044FF0010A466C05460AFA8C
:1026D00004F41746984606EB1136C1F3C809E4B274
:1026E000314628460136FFF76DFF18B10120BDE8DD
:1026F000F087994605EB090292F84C30234214BF4B
:1027000001210021414513D06340013F82F84C3044
:1027100085F803A0EBD0640014F0FF04EAD109F1BE
:10272000010301244FF00009B3F5007FE1D1D7E7A1
:102730000220DCE701290246F8B50C4640F28C8005
:102740000668F36A8B4240F287803378013B032BA3
:1027500000F28280DFE803F00229384B04EB5405D5
:10276000B16B304601EB5521FFF72CFF10B14FF054
:10277000FF30F8BD6F1CC5F30805B16B304635441A
:1027800001EB572195F84C50FFF71CFF0028EED1C4
:10279000C7F30807E3073E4496F84C0045EA0020DB
:1027A0004CBF0009C0F30B00E3E7B16B304601EB0F
:1027B0001421FFF707FF0028D9D1640004F4FF7447
:1027C0002644B6F84C00D4E7B16B304601EBD41187
:1027D000FFF7F8FE0028CAD1A40006F14C0004F46B
:1027E000FE742044FFF720FD20F07040C1E7D0E9DF
:1027F0000430D57953EA000101D0916801B95DBB7D
:102800009168022DA4EB01010DD1013B728940F1C9
:10281000FF305B0A43EAC053B3FBF2F399421BD883
:102820001CD0601CA5E7032D02D193698B42F8D818
:10283000D3699BB9B16B304601EBD411FFF7C2FEEF
:10284000002894D1A0004C3600F4FE703044FFF70D
:10285000EBFC20F000408CE701208AE76FF000409D
:1028600087E70000F8B5066804460D463378042B68
:102870000CBF4FF080524FF400128A4201D8022060
:10288000F8BDCA06FBD182680163D2B9022B13D806
:102890003389B3EB551FF2D9F36BA363A36B626368
:1028A000002BECD003EB55234C36C5F30805002074
:1028B000A3633544E563E3E7F36BC271002BE7D014
:1028C0001A4677897F02BD42114604D23046FFF78F
:1028D000C9FCA063E2E72046FFF72CFF431C024639
:1028E00006D00128CBD9F36A8342C8D9ED1BEAE7A9
:1028F0000120C5E701292DE9F04706460C46174699
:1029000008D9C36A8B4205D90378022B62D003D859
:10291000012B22D0022552E0033B012BFAD8816B18
:1029200001EBD411FFF74EFE0546002847D1A40065
:1029300006F14C0304F4FE741C443378042B07D0D6
:10294000204627F07047FFF76FFC00F07040074308
:1029500039462046FFF76EFC2FE001EB5108816BF2
:1029600001EB5821FFF72EFE054640BB14F0010491
:1029700006F14C0908F1010AC8F3080808BFFBB2C8
:1029800030461FBF19F8083003F00F023B0103F077
:10299000F00318BF134309F808300123B16BF3703B
:1029A00001EB5A21FFF70EFE054640B9CAF3080AAB
:1029B00044B1C7F3071709F80A700123F3702846DA
:1029C000BDE8F08719F80A30C7F3032723F00F0397
:1029D0001F43F0E7816B01EB1421FFF7F3FD054680
:1029E0000028ECD1640006F14C0304F4FF741F5579
:1029F0001919C7F307274F70DFE70000F8B5044641
:102A00000E461746E3690BB91846F8BD012BA6EB35
:102A10000305206814BFAA1C3A46691CFFF76AFF29
:102A20000028F2D1E369013BE361EBE701292DE9DD
:102A3000F84306460C461746056802D80220BDE852
:102A4000F883EB6A8B42F9D97AB9A1462146304620
:102A5000A046FFF76FFE0446B0B92B78042B02D1D5
:102A6000002F43D1F7710020E9E72B78042B02D126
:102A7000C379022BE9D04FF0FF3239462846FFF7E1
:102A800039FF0028E1D0DAE70128D7D0421C01D174
:102A90000120D4E72B78042B19D1EA6AAB69023AFA
:102AA00093421CD308F10102A2420CD02B78042BD4
:102AB00008D10023A2EB090249462846FFF7FEFD94
:102AC0000028BCD1A146EB6AA342BFD8C5E70022CB
:102AD00041462846FFF70EFF0028DED0AFE701335E
:102AE000AB612B7943F001032B71DBE7F3798BB9F1
:102AF000B468BC4202D10223F371B4E721463046E8
:102B0000FFF718FE012899D9431CC1D00134844233
:102B1000EFD0A8E7032BA6D1B368BB42A3D8B26914
:102B20001344BB429FD3E6E770B5C3790446032B39
:102B300006D181688369CD18A94203D10023E371CE
:102B4000002070BD4E1C20683246FFF7D3FE0028DF
:102B5000F7D13146F0E700002DE9F7430546019132
:102B6000FFF70AFD0446002849D105F14C090199F7
:102B700028464FF40072FFF775FB2146A86407460C
:102B80004846FFF701F96C896402B4F5004F28BF8D
:102B90004FF40044B4F5007F2FD9204604F07EFCAA
:102BA000804630B122460021640A0026FFF7ECF887
:102BB00009E06408EEE72346BA194146687803F055
:102BC000F5FF18B926446B899E42F4D3404604F0C1
:102BD00075FC6889801B18BF012003B0BDE8F08335
:102BE00001366B899E42F4D20123BA1949466878AE
:102BF00003F0DCFF0028F3D0EBE70026F1E701202B
:102C0000EBE70000F8B50446FFF7B6FC05460028E0
:102C100042D12378032B37D12779012F34D104F106
:102C20004C0601464FF400723046FFF7ADF85523CD
:102C30004122722184F84A32AA2304F50D7084F8E7
:102C40004F2084F84B32522384F8301284F84C30F1
:102C500084F84D30612384F8311284F84E3084F8C2
:102C60003332A16984F83222FFF7E4FA616904F58E
:102C70000E70FFF7DFFA626B3B4631460132607837
:102C8000A26403F093FF257100226078114603F0DF
:102C9000B1FF003818BF0120F8BD000000232DE966
:102CA000F0430B6085B00F461546FFF71BFB061E71
:102CB000C0F2B281804B53F82640002C00F0AE8168
:102CC0003C6005F0FE0523786BB1607803F048FFA7
:102CD000C70708D41DB110F0040500D00A25284606
:102CE00005B0BDE8F0830023F0B22370607003F0FC
:102CF00023FFC10700F194810DB14207EED40021FA
:102D00002046FFF779FC022840F099806E4604F2D5
:102D1000122304F25221324618461033FFF784FA88
:102D200042F8040B8B42F7D1002556F8041B00290A
:102D30007DD02046FFF760FC012879D80128A26CDD
:102D400040F0C08004F1570304F18C0113F8015BDB
:102D5000002D7BD18B42F9D1B4F8B430B3F5807F2C
:102D600074D194F8B830092B70D104F19400FFF7B6
:102D70005DFA4FF0FF33171841F10001BB4275EBCC
:102D8000010363D304F1A000FFF74EFA94F8BA30C0
:102D90002063012BA37059D194F8B99003FA09F973
:102DA0001FFA89F36381002B50D0444B04F1A80033
:102DB000FFF73AFA0646984248D8831C626304F14A
:102DC000A400E362FFF730FA00EB020804F19C0074
:102DD000C4F84080FFF728FA10441FFA89F2A06374
:102DE00006FB02F313EB080345EB05029F4271EB70
:102DF00002032BD32E4604F1AC00FFF715FAE06373
:102E000065B96389B34221D9E16B2046FFF72AFAFD
:102E100081192046FFF7D6FB98B90136631993F85C
:102E20004C30812B14D02035C5F30805E8E703208A
:102E30000135042D7FF479AF042807D101E004287F
:102E400001D101254BE701287FF678AF0D2546E734
:102E500005F1140004F14C063044FFF7E5F90128B0
:102E60000546F3D9E36A8342F0D96189821E236C57
:102E700002FB01336364A16B204601EBD511FFF720
:102E8000A1FB0028DDD105F07F0006EB8000FFF7F5
:102E9000CBF9431C03D00135A842ECD0D6E704257A
:102EA000C4E90500064A257000251388E561013351
:102EB0009BB21380E38012E73C360020FDFFFF7FCA
:102EC00040360020B4F85730B3F5007FBED1B4F8D7
:102ED000626026B904F17000FFF7A6F9064694F87F
:102EE0005C302663591EA3700129AFD894F859505D
:102EF0006581002DAAD0691E2942A7D1B4F85D8052
:102F000018F00F0FA4F80880A0D1B4F85F0018B92A
:102F100004F16C00FFF788F9B4F85A10002995D035
:102F200006FB03FE01EB181CF44460458ED3A0EBB6
:102F30000C00A842B0FBF5F388D33E48834285D805
:102F40004FF6F57083426DD903259F1C114402EBA7
:102F50000C03032DE7626263A16323644CD1B4F8D0
:102F6000763053EA08037FF471AFBB0004F17800B8
:102F7000FFF75AF9E06303F2FF13B6EB532FFFF4A8
:102F800065AF4FF0FF33032DC4E905334FF08003E5
:102F9000237187D1B4F87C30012B83D1511C20469A
:102FA000FFF710FB00287FF47DAFB4F84A224AF601
:102FB000552320719A427FF475AF1F4B04F14C00EA
:102FC000FFF732F998427FF46DAF03F1FF5304F538
:102FD0000C70FFF729F903F50053203398427FF472
:102FE00061AF04F50D70FFF71FF9A06104F50E70D5
:102FF000FFF71AF9606155E7B8F1000F3FF426AF0B
:103000007144022D4FEA4703E1631EBFD91907F04F
:10301000010303EB5103AEE70B2560E60C255EE6EA
:1030200003255CE640F6F575AB428CBF0225012511
:103030008BE700BFF5FFFF0F525261412DE9F84FBA
:1030400007460568884649B96E69C6B1EB6AB3425E
:1030500098BF0126AB69A3B9002405E0FFF76AFB1E
:103060000128044603D801242046BDE8F88F421CFD
:1030700000F0D280EB6A8342F6D84646EAE70126A2
:10308000E8E72A78EB6A042A40F08380A6F1020A76
:10309000023B4FF0010B9A4528BF4FF0000AD14682
:1030A000696C284601EB1931FFF78CFA00283BD1F7
:1030B00009F00703EA6AC9F3C8010BFA03F3901E8B
:1030C000DBB26A184C4609F1010992F84C2081459F
:1030D00002EA030233BF5B0000234FF40071DBB24E
:1030E00028BF9946B2B90234631E0333BCD801230A
:1030F000214628461A46FFF7E1FA0228B3D00128F4
:1031000000F08A80B8F1000F13D10223FB71002870
:10311000A9D130E0CA450AD0002BD2D10131B1F596
:10312000007FBDD20123CCE74FF0FF34DCE7002461
:10313000DAE7FB79022B07D1731CA342E7D0BB6807
:10314000F31ABB610323FB7108F10102FB69A24280
:1031500005D113B10133FB61D9E70223FBE70BB9BA
:103160000123FB61224641463846FFF747FC002811
:103170004FD10123FB61EA6AAB69023A6C61934269
:103180009CBF03F1FF33AB612B7943F001032B713B
:103190006AE7464514D1741C3846A34298BF0224FE
:1031A0002146FFF7C7FA01283FF45DAF431C33D037
:1031B000E0B16B69012B03D9EA6A934238BF1E461E
:1031C00034460134EB6AA34203D8012E7FF644AFA4
:1031D000022421463846FFF7ADFA48B101283FF4F2
:1031E00042AF013018D0B442EBD135E7002CE7D024
:1031F0004FF0FF3221462846FFF77CFB48B9B8F173
:10320000000FB8D0224641462846FFF773FB00283E
:10321000B1D001287FF427AF4FF0FF3424E700003E
:103220002DE9F84306680446076B89463378203752
:10323000042B0CBF4FF080534FF40013BB429CBFD4
:1032400000238363836B73B1C7F30808B8F1000FE1
:103250003CD10133416B836339B93389B3EB571FD9
:1032600034D80023A36304200AE07389013B13EAE6
:1032700057232BD1FFF75EFA0128054602D802201A
:10328000BDE8F883421C01D10120F9E7F36A8342CB
:1032900016D8B9F1000FE4D0616B2046FFF7CEFEDF
:1032A0000546C8B10128EAD0431CEDD0014630469E
:1032B000FFF752FC0028E7D1E37943F00403E37100
:1032C000294630466563FEF7CDFFA0634C360020EB
:1032D00027634644E663D3E70720D1E7F8B50E46F7
:1032E000002104460768FFF7BDFA98B90546A16BAF
:1032F0003846FFF767F968B93A78E36B042A1B7818
:103300000CD11B060ED5054601212046FFF788FF8C
:103310000028ECD0042808BF072006E0E52B01D0E8
:10332000002BF0D10135B542EED1F8BDC16C4B1C7C
:103330002DE9F04104460568066B1FD1E5274FF0E3
:103340000108A16B2846FFF73DF998B92A78E36B8D
:10335000042A09BF1A781F7002F07F021A7085F8DC
:103360000380236BB3420DD200212046FFF758FFA4
:103370000028E6D0042808BF022003E0FFF772FA15
:103380000028DBD0BDE8F0812DE9F041054600685A
:10339000A96B0669FFF716F9044620B9EB6B1A789A
:1033A000852A03D002242046BDE8F081324603F18D
:1033B000200153F8040B8B4242F8040BF9D17778C3
:1033C00001377F01A7F16003B3F5007FEAD8002140
:1033D0002846FFF725FF04280446E3D00028E2D161
:1033E000A96B2868FFF7EEF804460028DBD1EB6BE9
:1033F0001A78C02AD6D106F1200203F1200153F831
:10340000040B8B4242F8040BF9D196F823300F22BB
:103410002C33B3FBF2F3B7EB431FC3D34FF0400899
:1034200000212846FFF7FCFE04280446BAD00028F5
:10343000B9D1A96B2868FFF7C5F804460028B2D1B6
:10344000EB6B1A78C12AADD1B8F5187F09D206EB1B
:10345000080203F1200153F8040B8B4242F8040BDD
:10346000F9D108F120084745DAD8B8F5187F9AD87D
:103470003046FEF71FFF7388834294D092E7000026
:103480000B68002210B5036004460B6A83604B6A28
:10349000C261C37123F0FF03896AC0E90432C164C9
:1034A000FFF7E0F920B92046BDE81040FFF76CBFF8
:1034B00010BD0000F8B50368054601271C692046C9
:1034C000FEF7F8FEA070000A6678E0702846E96C06
:1034D000FFF7C8F920B1022828BF0220C0B2F8BD0A
:1034E000A96B2868FFF76EF80028F4D1EB6B04F1A4
:1034F000200254F8041B944243F8041BF9D12B68B2
:10350000DF70002EE7D000212846013EFFF788FE3D
:10351000E0E700002DE9F8434FF0FF080646076892
:10352000042445464FF6FF79B16B11B9002C73D0D6
:1035300063E03846FFF746F8044600285DD1F06B9B
:103540000378002B6ED03A78042A11D1852B4DD107
:10355000336B3046F364FFF717FF044600284CD165
:103560003B691B7903F03F03B3712046BDE8F88344
:10357000C27AE52B02F03F02B27143D02E2B41D02C
:1035800022F0200108293DD00F2A40D1590637D515
:1035900003F0BF05336B90F80D80F364437B434524
:1035A00030D1428B72BB03780D21FC6823F04003BD
:1035B000DFF874E0013B4B4301211EF801CB30F8EA
:1035C0000CC009B3FF2B1DD824F813C0614601338A
:1035D00001320D2AF1D10278520605D521B1FF2B17
:1035E00010D8002224F81320013DEDB2002130460E
:1035F000FFF716FE0446002896D00023B363B4E715
:10360000AB42CBD0FF25F1E7CC45E1D0FAE72DB9AD
:10361000FEF740FE404501D10024A6E74FF0FF33FE
:10362000F364A2E70424E8E7309600082DE9F04FA0
:10363000002187B00446D0F80090FFF713F98046C8
:1036400070B999F80030042B33D1D9F80C00FEF78B
:1036500079FF07462046FFF75DFF054620B180460B
:10366000404607B0BDE8F08FD9F810309A8CBA42C6
:10367000F0D193F823B040265D4506D1D9F80C303F
:1036800033F81530002BE5D1EAE7F106D9F8103010
:1036900008BF0236985B01F04DF8D9F80C3082462D
:1036A00033F8150001F046F88245D3D102360135D2
:1036B000E2E74FF0FF0A4FF0FF3B5546C4F84CB02D
:1036C000A16B4846FEF77EFF00285CD1E66B377899
:1036D000002F77D0F27AE52F02F03F03A37103D0D9
:1036E000120704D50F2B04D0C4F84CB04FE00F2BB9
:1036F00054D194F84B3058063FD4790645D5236B06
:1037000007F0BF0796F80DA0E364737B53453ED1E5
:10371000738B002B3BD135780121D9F80C3005F0A3
:103720003F0501930D23013D5D43284B13F8012B09
:10373000B25A71B3FF2D059329D81046049200F0B8
:10374000F9FF6B1C03900293019B33F8150000F006
:10375000F1FF039981421AD1049A029D1146059BFB
:103760001B4A9342E2D133785A0604D519B1019B22
:1037700033F815305BB97D1EEDB200212046FFF70E
:103780004FFD00289CD080466AE7BD42BDD0FF2592
:10379000F3E74FF6FF708242E2D0F8E72DB93046EA
:1037A000FEF778FD50453FF45BAF94F84B30DB07F4
:1037B0009AD40B2204F14001304605F0E3FD0028C5
:1037C00092D14DE74FF004084AE700BF3096000859
:1037D0003D9600082DE9F04F90F84BB099B00446A3
:1037E0001BF0A00540F068810668F26832F81530D9
:1037F000002B4AD13378042B40F087800F230E35FD
:103800002046B5FBF3F5A91CFFF768FD81460028AB
:1038100077D1236B0135A3EB4515E3795A07E564AE
:1038200035D523F004032046E371FFF77DF950BB43
:103830004FF0FF32616B2046FFF7E0F818BBA3683A
:103840002BB3214604A8FFF71BFEE0B970894FF4A3
:103850000071D4E90423E0FB01233069C4E90423A7
:103860003830FEF7EFFC3069D4E904232830FEF746
:10387000E9FCE379326904A843F0010382F82130BE
:10388000FFF718FE18B181463BE00135AEE7D6E9F7
:103890000354402200212046FEF776FA85230121B9
:1038A00040222370C0234FF0C10C04EB010884F8C0
:1038B000203000231E469E46571C04F802C0F0B27A
:1038C000023204F807E021B135F8131009B10133D1
:1038D000DBB20F0AA15408F802700232D706F2D107
:1038E00035F813700136002FE6D184F82330831C9D
:1038F00028466370FEF726FE84F82400000A84F848
:103900002500484619B0BDE8F08F04F140070DF1DD
:10391000100A1BF0010F97E807008AE8070000F083
:10392000D38040234FF0010884F84B30BC46F36845
:10393000B8F1050F9AE80700ACE803002CF8022B59
:103940004FEA12428CF8002059D9981E424630F8AE
:10395000021F002942D10DF10F0C072102F00F0EBA
:10396000914612090EF13000392888BF0EF1370058
:1039700001390CF8010902D0B9F10F0FEED818ABDC
:103980007E205A1802F8580C38460022914206D080
:1039900010F801CB02F1010EBCF1200F31D104F17E
:1039A0003F0C072902F1010297BF18AB20205818DD
:1039B000013198BF10F8580C072A0CF80200F0D912
:1039C0002046FFF733FE8146002878D108F1010830
:1039D000B8F1640FAAD14FF0070992E74FF0100C2D
:1039E00001F0010E49080EEB4202D30344BF82F4FA
:1039F000883282F02102BCF1010CF1D1A7E74246E6
:103A0000A9E77246C2E7216B2046A1EB4511FEF7FC
:103A100029FF814600287FF474AF4FF6FF783846BF
:103A2000FEF738FC0190A16B3046FEF7CBFD8146D6
:103A300000287FF466AFE36BE9B2019A4FF00D0CFA
:103A4000D6F80CE05A734FF00F02DFF8E0A0DA72FC
:103A50004A1E18730CFB02F284469876D8764045CD
:103A60001AF8019B0CF1010C18BF3EF8120003EB91
:103A7000090B18BF013203F809004FEA102900288A
:103A800008BF4046BCF10D0F8BF80190E7D14045CF
:103A900002D03EF812200AB941F04001197001230A
:103AA00000212046F370FFF7BBFB814600287FF41E
:103AB00028AF013DB7D11BE04FF0060921E70428EC
:103AC0007FF41FAF84F84BB01BF0020F20461BBFE2
:103AD0000C350D210125B5FBF1F518BF013529463F
:103AE000FFF7FCFB814600287FF40BAF013D8AD134
:103AF000A16B3046FEF766FD814600287FF401AFDA
:103B000001462022E06BFEF73FF9E36B03CF18601C
:103B10005960BA7839889A72198194F84B30E26BFF
:103B200003F0180313730123F370EAE630960008DC
:103B300010B504460A463430FEF776FB886004F17F
:103B40003800FEF773FBC2E9040194F8213003F05A
:103B50000203D3710023D36110BD000003284B8BF7
:103B600004BF8A8A43EA0243184670472DE9F04FA2
:103B70000B7899B0044689462F2BD0F800B001D0BD
:103B80005C2B09D14A461378914601322F2BFAD08B
:103B90005C2BF8D0002301E0DBF81C30A36000238D
:103BA000E3619BF80030042B1ED1A368E3B1DBF87E
:103BB0002030214604A82362DBF824306362DBF85E
:103BC0002830A362FFF75CFC0346002854D1DBF8E1
:103BD000102002F13800FEF727FBC4E9040392F835
:103BE000213003F00203E37199F800301F2B00F23B
:103BF000358180230021204684F84B3019B0BDE880
:103C0000F04FFEF72FBE49460B78894601312F2B26
:103C1000FAD05C2BF8D01F2B8CBF00250425012F78
:103C20002FD113882E2B31D1002322F8173004F125
:103C300040029F428CBF2E21202101330B2B02F822
:103C4000011BF6D145F02005204684F84B50FFF7C4
:103C5000EDFC94F84B30002800F0E78004280BD1ED
:103C6000990603F0040240F1DC80002A00F0F6809F
:103C70008023002084F84B3019B0BDE8F08F042574
:103C8000CDE7022F02D153882E2BCAD0911E87BBBD
:103C9000002322F81730002F00F0118132F81300B2
:103CA000194601332028F9D009B92E2801D145F051
:103CB0000305901E30F817302E2B01D0013FF9D1AB
:103CC0004FF020334FF0000A6364D0462364C4F8F9
:103CD00047300823481C32F811600090F6B1202EBE
:103CE00003D02E2E0DD1B84210D045F00305009917
:103CF000F0E731F81730202B01D02E2BC8D1013F2F
:103D0000C5E79A4505D20099B9423BD10B2B30D17A
:103D100001E00B2B27D145F003050B2394F840203D
:103D2000E52A04BF052284F84020082B04BF4FEA8F
:103D300088085FFA88F808F00C030C2B03D008F011
:103D40000303032B01D145F00205A8073FF57CAF23
:103D500018F0010F18BF45F0100518F0040F18BF38
:103D600045F0080570E70099B94202D045F0030517
:103D7000D4D84FEA88080B234FF0080A00975FFA5F
:103D800088F8B4E77F2E15D9304640F25231CDE99C
:103D9000022345F00203019300F098FC10F0800F1D
:103DA0000646DDE9022316D000F07F0646498E5D07
:103DB000019D46B331464548CDE9012305F02EFB70
:103DC000DDE90123F8B9A6F1410189B219291ED80C
:103DD00048F0020810E0FF28EAD9591E8A4503D3AB
:103DE00045F003059A4682E704EB0A01000A0AF14E
:103DF000010A019D81F8400004EB0A010AF1010A61
:103E000081F8406073E745F003055F26F4E7A6F10B
:103E1000610189B219299EBF203E48F00108B6B25F
:103E2000EAE7002A08BF052026E75A073FF524AF36
:103E3000A379DB0645D59BF80000042835D1A3689B
:103E40002146E27923622369DBF8100023F0FF03A7
:103E500013436362E36CA362FFF76AFE23680027E3
:103E6000DA6819F8010B00283FF409AF40F252312B
:103E7000009200F04BFC054608B31F28009A7FF61D
:103E8000FEAE2F283FF4BFAE5C283FF4BCAE7F28C7
:103E900005D801460E4805F0C1FA009A78B9FF2FFF
:103EA0000DD022F817500137DBE7216B0BF14C03E3
:103EB000C1F308011944FFF751FEA060CEE70620C8
:103EC000DAE60520D8E600BFB0950008A9950008FD
:103ED000A09500081FB5CDE9001003A81446039172
:103EE000FEF700FA002815DB0B4A52F820300BB120
:103EF00000211970019B0BB10021197042F820308C
:103F00002CB1002201A96846FEF7C8FE04462046EF
:103F100004B010BD0B24FAE73C3600202DE9F04731
:103F200098B0904605460191002800F0528102F0B9
:103F30003F0603A901A83246FEF7B0FE002840F074
:103F40004681039B4FF48C60049303F0A7FA074665
:103F5000002800F04081039B00F500720199D860B1
:103F600004A81A61FFF702FE044620B99DF95B30F0
:103F7000002BB8BF062418F01C0F00F0CD80002CD9
:103F80004CD0042C40D104A8FFF724FC04460028A0
:103F90003AD146F00806039B1A78042A40F0838041
:103FA000186929462B60FFF7C3FD039B1E220021E1
:103FB00018690230FDF7E8FE039C00211A222069EF
:103FC0002630FDF7E1FE236920221A71246903F0EF
:103FD0009FFA0146012208342046FEF72BF9039B85
:103FE00004A81B6983F82120FFF764FA044658B936
:103FF000A96801B302462846FEF718FDAB68039A8C
:104000000446013B5361B4B1384603F057FA0CB192
:1040100000232B60204618B0BDE8F0879DF81630CD
:1040200013F0110F40F0848018F0040F40F0C980A5
:1040300018F0080FAFD1039A31071399936C48BF5A
:1040400046F04006E964AB641078042872D1069B00
:104050009DF817102B62089B106923F0FF030B4398
:1040600029466B62179BAB62FFF762FDDDF80CA07F
:104070000024002205F15008BAF8063021464046D7
:10408000C5F800A0AB80002385F8306085F831408A
:104090006C64C5E90E234FF40072FDF775FEB2069D
:1040A00053D40024B0E703F033FA0146009013988C
:1040B0000E30FEF7BFF8139800991630FEF7BAF8E5
:1040C000039C13992078FFF749FD202300228046A6
:1040D000CB7220461399FEF7D1F8139B00220121E1
:1040E0001A775A779A77DA77039BD970B8F1000F6D
:1040F000A1D0414604A8D3F84890FEF797FC0446A7
:10410000002881D149460398FEF75CFA039B0446D8
:1041100008F1FF30586176E7002C7FF475AF9DF809
:104120001630DC064FD418F0020F84D0D80782D5A1
:10413000072469E7FFF712FD0023A86001F11C00C6
:10414000FEF772F86B61286190E7D5E9046956EAD9
:104150000903A6D0BAF80AA0A9684FEA4A2AC5E915
:104160000E69B24574EB09031BD300242964002CAB
:104170007FF44AAFC6F30803002B92D0039C20467D
:10418000FEF770F808B3760A0123414646EAC9569D
:1041900082196A64607802F0E5FC041E18BF0124ED
:1041A00032E72846FEF7C6FAB6EB0A06014669F181
:1041B0000009012803D9431CD3D10124D6E70224E6
:1041C000D4E7082420E704241EE702241CE7044661
:1041D0001EE709241EE711241CE700002DE9F04F1B
:1041E000994685B00023884603A90446C9F80030E3
:1041F0001646FEF791F8054680BB94F831506DBB2A
:1042000094F8303013F00103009300F0A68004F11D
:10421000500AD4E90432D4E90E011B1A62EB010200
:10422000B34272F1000238BF1E46BEB1D4E90E108F
:10423000C1F30803002B40F08280039B5A894B0A8C
:10424000013A43EAC0531A401BD151EA000309D195
:10425000A06801280DD8022584F83150284605B001
:10426000BDE8F08F216C20460192FEF763FA019AB7
:10427000EFE7431C04D10123009D84F83130EDE7C2
:104280002064DDF80CB0216C5846FDF7EBFF0028E8
:10429000E1D0B6F5007F02EB000731D3BBF80A107E
:1042A00002EB5620730A88429BF8010088BF8B1AE4
:1042B0003A464146019302F055FC0028DBD194F9BF
:1042C0003020019B002A0BDA606CC01B984207D299
:1042D0004FF40072514608EB4020FDF72FFD019B83
:1042E0005F02D9F80030F61BB8443B44C9F80030EF
:1042F000D4E90E32DB1942F10002C4E90E3294E730
:10430000626CBA421AD094F93030002B0DDA0123D6
:1043100051469BF8010002F049FC0028ABD194F80B
:10432000303003F07F0384F83030039801233A469D
:104330005146407802F016FC00289CD16764A16BBE
:104340004046C1F30801C1F500775144B74228BF88
:1043500037463A46FDF7F2FCC3E707257EE7000043
:1043600070B596B00E460022019002A901A8FEF792
:1043700095FC0446E0B94FF48C6003F08FF80546D5
:10438000D8B1029B00F500720199D86002A81A61A9
:10439000FFF7ECFB044640B99DF95330002B0ADBD4
:1043A0001EB1314602A8FDF7EDFF284603F086F85E
:1043B000204616B070BD0624F7E71124F8E7000088
:1043C00070B5B8B00222019003A901A8FEF766FCFF
:1043D000044608BB039B4FF48C60109303F05EF817
:1043E0000546002866D0039B00F500720199D8604D
:1043F00010A81A61FFF7BAFB044650B99DF88B303C
:10440000980655D4190653D49DF84630DA0706D5D8
:104410000724284603F052F8204638B070BD039BAD
:1044200004931878042814D104A91869FFF780FBB5
:10443000069E9DF84630DB0610D410A8FEF776FFE6
:1044400004460028E5D156BB0398FEF7DBFB044683
:10445000DFE71F99FFF782FB0646EAE7039BDA696D
:10446000B242D5D024930021269624A81B78042B91
:1044700001BFDDE90823CDE928239DF817308DF829
:104480009730FEF7EFF904460028C2D124A8FFF7C1
:1044900041F804460028BBD00428BAD1CDE7024633
:1044A000314604A8FEF7C2FA04460028B1D1CBE792
:1044B0000624AEE71124AFE7F0B5BDB0CDE900109A
:1044C0006846FDF70FFF022203A901A8FEF7E6FBED
:1044D0000446002841D1039B4FF48C60149302F0F2
:1044E000DDFF0546002800F0EE80039B00F500721A
:1044F00014AE0199D8601A613046FFF737FB0446C5
:1045000040BB9DF89B3013F0A00F40F0D880039B78
:10451000009F1A78042A68D11B6904AC03F1400C8F
:104520001868083353F8041C2246634503C2144636
:10453000F6D15022314628A8FDF700FC394628A8BC
:10454000FFF714FB044600284CD12A9A169B9A4286
:1045500006D00824284602F0B1FF20463DB0F0BD49
:10456000349A209B9A42F4D128A8FFF733F90446E5
:104570000028EFD1039B04AF1B6993F801E093F887
:1045800023C09C8C3A46083303CAB24243F8080C55
:1045900043F8041C1746F5D1039B28A81B6983F830
:1045A00001E0039B1A6982F823C01A6982F824404B
:1045B000240A82F825401A691379D9065CBF43F0B2
:1045C00020031371FEF776FF04460028C2D130465F
:1045D000FEF7ACFE04460028BCD10398FEF712FBA0
:1045E0000446B7E70428B5D1BEE7239A04AB02F12D
:1045F000200C1068083252F8041C1C46624503C4A3
:104600002346F6D15022314628A8FDF797FB3946BC
:1046100028A8FFF7ABFA044600284CD12A9A169B2B
:104620009A4296D1349A209B9A4292D128A8FFF7B9
:10463000D1F8044600288DD137990DF11D030DF1F5
:104640002D0001F10D0253F8044B834242F8044B54
:10465000F9D11888012710809B7893709DF81B3042
:10466000039CDA0658BF43F02003CB72E770CB7A85
:10467000DB06ACD5169A2A9B9A42A8D02078FFF781
:104680006DFA01462046FDF7EDFD0146C8B1204612
:10469000FDF798FF044600287FF45CAF039890F87C
:1046A0006D302E2B93D12A9A00F16C01FDF7E6FDB7
:1046B000039BDF708BE704287FF44CAFB6E706243A
:1046C00048E7022446E7112447E700007F2810B599
:1046D00001D880B210BDB0F5803F13D240F2523302
:1046E00099420FD10849002231F8024B93B284421B
:1046F00003D103F18000C0B2ECE70132802AF3D18C
:104700001346F6E70020E5E7F09800087F280DD96A
:1047100040F25233994208D1FF2806D800F10040F8
:10472000034B803833F8100070470020704700BFFB
:10473000F0980008B0F5803FF0B522D21F4A83B24E
:104740001F49B0F5805F28BF0A46141D34F8042CB9
:104750002146AAB1934213D334F8025C2E0AEFB279
:1047600052FA85F5A84222DA082E09D8DFE806F0C9
:10477000050A10121416181A1C00801A34F810308A
:104780001846F0BD981A00F001001B1A9BB2F7E71B
:10479000103BFBE7203BF9E7303BF7E71A3BF5E737
:1047A0000833F3E7503BF1E7A3F5E353EEE70434B6
:1047B000002ECBD101EB4702C7E700BF40960008AF
:1047C0003498000808B5074B074A196801F03D0105
:1047D000996053680BB190689847BDE8084003F0B2
:1047E000ABB800BF000002404436002008B5084BBB
:1047F0001968890901F03D018A019A60054AD36868
:104800000BB110699847BDE8084003F095B800BFA8
:10481000000002404436002008B5084B1968090C16
:1048200001F03D010A049A60054A53690BB1906991
:104830009847BDE8084003F07FB800BF0000024081
:104840004436002008B5084B1968890D01F03D0178
:104850008A059A60054AD3690BB1106A9847BDE88A
:10486000084003F069B800BF000002404436002051
:1048700008B5074B074A596801F03D01D960536AF2
:104880000BB1906A9847BDE8084003F055B800BFE7
:10489000000002404436002008B5084B59688909D9
:1048A00001F03D018A01DA60054AD36A0BB1106B51
:1048B0009847BDE8084003F03FB800BF0000024041
:1048C0004436002008B5084B5968090C01F03D0139
:1048D0000A04DA60054A536B0BB1906B9847BDE848
:1048E000084003F029B800BF000002404436002011
:1048F00008B5084B5968890D01F03D018A05DA6059
:10490000054AD36B0BB1106C9847BDE8084003F023
:1049100013B800BF000002404436002008B5074B22
:10492000074A196801F03D019960536C0BB1906C16
:104930009847BDE8084002F0FFBF00BF00040240F6
:104940004436002008B5084B1968890901F03D017B
:104950008A019A60054AD36C0BB1106D9847BDE887
:10496000084002F0E9BF00BF0004024044360020C6
:1049700008B5084B1968090C01F03D010A049A605A
:10498000054A536D0BB1906D9847BDE8084002F0A1
:10499000D3BF00BF000402404436002008B5084BD6
:1049A0001968890D01F03D018A059A60054AD36DA9
:1049B0000BB1106E9847BDE8084002F0BDBF00BFC4
:1049C000000402404436002008B5074B074A5968E6
:1049D00001F03D01D960536E0BB1906E9847BDE870
:1049E000084002F0A9BF00BF000402404436002086
:1049F00008B5084B5968890901F03D018A01DA6060
:104A0000054AD36E0BB1106F9847BDE8084002F01D
:104A100093BF00BF000402404436002008B5084B95
:104A20005968090C01F03D010A04DA60054A536F28
:104A30000BB1906F9847BDE8084002F07DBF00BF02
:104A4000000402404436002008B5084B5968890D1F
:104A500001F03D018A05DA60054AD36F13B1D2F83F
:104A600080009847BDE8084002F066BF000402409D
:104A70004436002000230C4910B51A460B4C0B603D
:104A800054F82300026001EB430004334260402BE2
:104A9000F6D1074A4FF0FF339360D360C2F8083471
:104AA000C2F80C3410BD00BF44360020F099000855
:104AB000000002400F28F8B510D9102810D0112896
:104AC00011D0122808D10F240720DFF8C8E00126F2
:104AD000DEF80050A04208D9002653E00446F4E76F
:104AE0000F240020F1E70724FBE706FA00F73D4218
:104AF0004AD1264C4FEA001C3D4304EB00160EEB56
:104B0000C000CEF80050C0E90123FBB273B12048C9
:104B1000D0F8D83043F00103C0F8D830D0F80031D5
:104B200043F00103C0F80031D0F8003117F47F4F93
:104B30000ED01748D0F8D83043F00203C0F8D83070
:104B4000D0F8003143F00203C0F80031D0F8003152
:104B500054F80C00036823F01F030360056815F088
:104B60000105FBD104EB0C033D2493F80CC05F68F6
:104B700004FA0CF43C6021240560446112B1987B76
:104B800000F0CAFC3046F8BD0130A3E7F0990008F8
:104B9000004402584436002010B5302484F31188B4
:104BA000FFF788FF002383F3118810BD10B504467A
:104BB000807B00F0C7FC01231549627B03FA02F2F7
:104BC0000B6823EA0203DAB20B6072B9114AD2F819
:104BD000D81021F00101C2F8D810D2F8001121F04C
:104BE0000101C2F80011D2F8002113F47F4F0ED159
:104BF000084BD3F8D82022F00202C3F8D820D3F80B
:104C0000002122F00202C3F80021D3F8003110BDC8
:104C1000443600200044025808B5302383F311883D
:104C2000FFF7C4FF002383F3118808BD836CC26AB9
:104C30008B42506810B506D95A1E4C0002EB410356
:104C4000B3FBF4F3184410BD01F001038A0748BF19
:104C500043F002034A0748BF43F008030A0748BF6E
:104C600043F00403CA0648BF43F010038A06426BB0
:104C700048BF43F0200313434363704710B5074C0C
:104C8000204600F0CBFF064B0022C4E91023054B61
:104C9000A364054BE363054BE36410BDC8360020F5
:104CA0000024024800B4C4041C3700201C39002032
:104CB000C36A0BB9104BC3620379012B11D10F4B9F
:104CC00098420ED10E4BD3F8DC2042F40072C3F8A8
:104CD000DC20D3F8042142F40072C3F80421D3F895
:104CE0000431436C00221A65DA621A605A605A6213
:104CF0004FF0FF329A637047F09A0008C8360020E0
:104D0000004402580379012B1BD0436C00221A6522
:104D1000DA621A605A605A624FF0FF329A63094BA6
:104D200098420ED1084BD3F8DC2022F40072C3F86D
:104D3000DC20D3F8042122F40072C3F80421D3F854
:104D400004317047C83600200044025810B5446C46
:104D50000649FFF76BFF6060236842F2107043F072
:104D600003032360BDE8104001F05EBD801A060019
:104D70000129F8B5466C0B4F09D175680A493D40C9
:104D8000FFF754FF054345F480557560F8BD74681E
:104D900006493C40FFF74AFF044344F480547460E2
:104DA000F4E700BF00ECFFFF80F0FA0240787D01DD
:104DB000436C00225A601A6070470000426C01295F
:104DC000536823F4404304D0022905D001B953604D
:104DD000704743F48043FAE743F40043F7E70000E9
:104DE000436C41F480519A60D9605A6B1206FCD52D
:104DF00080229A637047000010B541F48851446CDA
:104E0000A260E160616B11F04502FBD0A26311F07A
:104E1000040203D0FFF718FF012010BD616910469E
:104E20001960FAE710B541F48851446CA260E16062
:104E3000616B11F04502FBD0A26311F0050203D0B3
:104E4000FFF702FF012010BD616910461960FAE703
:104E500073B5134604460E46302282F31188426C25
:104E6000D26B32B14FF0FF314030019301F0E8FCDA
:104E7000019B606C00220265C263C262456B15F43F
:104E8000807504D185F31188012002B070BD4FF008
:104E9000FF31816382F31188012E06D90C2120464F
:104EA00002B0BDE87040FFF7BDBF1046EDE700005F
:104EB00073B5446C0E4600250192616BA1632565B4
:104EC000E562FFF7C1FE012E07D9019B2A460C219E
:104ED00002B0BDE87040FFF7A5BF02B070BD000092
:104EE00010B541F49851446CA260E160616B11F01F
:104EF0004502FBD0A26311F03F0203D0FFF7A4FEEE
:104F0000012010BD216A10461960E1695960A1694C
:104F100099606169D960F4E72DE9F743044601918E
:104F2000006D01A91746984602F02EFC064600289F
:104F30004AD0626C2046DDF804905568C5F3090537
:104F400001356B00A56CB5FBF3F54FF47A73B5FB37
:104F5000F3F55D43556200F027FE50BB636C4FF0E4
:104F6000FF3201254146C3F8589020461D659A63DB
:104F70004FF49572DA6342F207029F62DA62E36CE1
:104F80000A9AFFF74FFFA0B9E26C104B11680B4073
:104F90007BB929462046FFF75BFF054648B92E46F8
:104FA0003A460199206D02F027FC304603B0BDE877
:104FB000F0833A460199206D02F01EFCE26C01215B
:104FC0002046FFF775FFF0E70126EEE708E0FFFD5A
:104FD0002DE9F7431F46436C01924FF47A725D68E6
:104FE00004468846C5F3090501356E00856CB5FB9E
:104FF000F6F5B5FBF2F555435D6200F0D5FD20B145
:105000000125284603B0BDE8F0837E0201A9206D8A
:10501000324602F0B9FB05460028F1D0636C019AD4
:10502000D4F84C909A6501221A654FF0FF329A63CA
:105030004FF49572DA639E62236BDB064B4658BFD2
:105040004FEA4828012F42461BD912212046FFF77C
:10505000E9FEC0B9D9F80020104B13409BB9636C2E
:1050600042F2930239462046DA62E26CFFF7F0FE24
:10507000804640B932460199206D454602F0BCFB9E
:10508000BFE71121E2E732460199206D02F0B4FB3F
:10509000E26C39462046FFF70BFFB2E708E0FFFD60
:1050A0002DE9F3411F46436C01924FF47A725D681B
:1050B00004468846C5F3090501356E00856CB5FBCD
:1050C000F6F5B5FBF2F555435D6200F06DFD20B1DC
:1050D0000125284602B0BDE8F0817E0201A9206DBD
:1050E000324602F097FB05460028F1D0636C019A26
:1050F0009A6501221A654FF0FF329A634FF48D7260
:10510000DA639E62236BE66CDB06334658BF4FEAD8
:105110004828012F424619D919212046FFF782FE5F
:10512000B0B932680F4B134093B9636C42F29102ED
:1051300039462046DA62E26CFFF78AFE064638B945
:1051400001993546206D02F0A1FBC2E71821E4E782
:105150000199206D02F09AFBE26C39462046FFF778
:10516000A7FEB6E708E0FFFD12F0030F2DE9F041BE
:1051700007460C4615461E4617D00E44B44202D1CF
:105180000020BDE8F0810123FA6B21463846FFF785
:105190001FFF0028F5D128464FF40072F96B05F582
:1051A00000750134FCF7CAFDE8E7BDE8F041FFF700
:1051B0000FBF000012F0030F2DE9F04107460C4627
:1051C00015461E4617D00E44B44202D10020BDE859
:1051D000F08129464FF40072F86B05F50075FCF775
:1051E000ADFD0123FA6B21463846FFF759FF002831
:1051F000EDD10134E8E7BDE8F041FFF751BF000011
:1052000000207047302310B583F311880024436CCD
:1052100040302146DC6301F021FB84F3118810BD8E
:10522000026843681143016003B1184770470000EA
:10523000024A136843F0C0031360704700480040FF
:10524000024A136843F0C0031360704700500040E7
:10525000024A136843F0C0031360704700780040AF
:10526000064BD3F8E8200243C3F8E820D3F8102116
:105270001043C3F81001D3F81031704700440258AE
:1052800037B5274C274D204600F028FD04F11400C7
:10529000009400234FF40072234900F0C3F94FF447
:1052A0000072224904F138000094214B00F03CFACE
:1052B000204BC4E91735204C204600F00FFD04F1C7
:1052C0001400009400234FF400721C4900F0AAF966
:1052D0004FF400721A4904F138000094194B00F0A1
:1052E00023FA194BC4E91735184C204600F0F6FC98
:1052F00004F1140000234FF400721549009400F0EB
:1053000091F9144B4FF40072134904F138000094E2
:1053100000F00AFA114BC4E9173503B030BD00BFE5
:105320002039002000E1F505643A002064400020A7
:1053300031520008004800408C390020643C0020B5
:10534000644200204152000800500040F83900201B
:10535000643E002051520008644400200078004060
:1053600038B5264D0446037C002918BF0D46012B95
:1053700006D1234B984230D14FF48020FFF770FFC5
:105380002A68236EE16D03EB5203A566B3FBF2F3CB
:105390006A68100442BF23F0070003F0070343EAE2
:1053A0004003CB60AB6843F040034B60EB6843F0D5
:1053B00001038B6042F4967343F001030B604FF0DE
:1053C000FF330B62510505D512F0102211D0B2F156
:1053D000805F10D084F8643038BD0A4B984205D005
:1053E000094B9842CCD14FF08040C7E74FF4801072
:1053F000C4E77F23EEE73F23ECE700BFF89A0008FD
:10540000203900208C390020F83900202DE9F047A0
:10541000C66D05463768F469210734621AD014F066
:10542000080118BF4FF48071E20748BF41F0200126
:10543000A3074FF0300348BF41F04001600748BF69
:1054400041F0800183F31188281DFFF7E9FE002356
:1054500083F31188E2050AD5302383F311884FF4D2
:105460008061281DFFF7DCFE002383F311884FF0D5
:1054700030094FF0000A14F0200838D13B0616D549
:105480004FF0300905F1380A200610D589F311884C
:10549000504600F07DF9002836DA0821281DFFF774
:1054A000BFFE27F080033360002383F31188790661
:1054B00014D5620612D5302383F31188D5E913235E
:1054C0009A4208D12B6C33B127F040071021281DD8
:1054D000FFF7A6FE3760002383F31188E30618D593
:1054E000AA6E1369ABB15069BDE8F047184789F35C
:1054F0001188736A284695F86410194000F008FC7A
:105500008AF31188F469B6E7B06288F31188F46908
:10551000BAE7BDE8F0870000090100F1604301220D
:1055200003F56143C9B283F8001300F01F039A40EA
:1055300043099B0003F1604303F56143C3F88021F5
:105540001A60704700F01F0301229A40430900F1DE
:1055500060409B0000F5614003F1604303F5614347
:10556000C3F88020C3F88021002380F800337047FF
:10557000F8B51546826804460B46AA4200D28568F3
:10558000A1692669761AB5420BD218462A46FCF75D
:10559000D5FBA3692B44A3612846A3685B1BA360CA
:1055A000F8BD0CD9AF1B18463246FCF7C7FB3A468C
:1055B000E1683044FCF7C2FBE3683B44EBE7184684
:1055C0002A46FCF7BBFBE368E5E7000083689342EB
:1055D000F7B50446154600D28568D4E90460361A4A
:1055E000B5420BD22A46FCF7A9FB63692B446361E1
:1055F0002846A3685B1BA36003B0F0BD0DD93246FB
:10560000AF1B0191FCF79AFB01993A46E0683144DF
:10561000FCF794FBE3683B44E9E72A46FCF78EFB82
:10562000E368E4E710B50A440024C361029B846088
:10563000C16002610362C0E90000C0E9051110BD4C
:1056400008B5D0E90532934201D1826882B98268F7
:10565000013282605A1C426119700021D0E9043283
:105660009A4224BFC368436101F012F9002008BDCB
:105670004FF0FF30FBE7000070B5302304460E46C4
:1056800083F31188A568A5B1A368A269013BA36053
:10569000531CA36115782269934224BFE368A36178
:1056A000E3690BB120469847002383F3118828460D
:1056B00007E03146204601F0DBF80028E2DA85F306
:1056C000118870BD2DE9F74F04460E4617469846DF
:1056D000D0F81C904FF0300A8AF311884FF0000B7D
:1056E000154665B12A4631462046FFF741FF03467D
:1056F00060B94146204601F0BBF80028F1D00023F4
:1057000083F31188781B03B0BDE8F08FB9F1000F67
:1057100003D001902046C847019B8BF31188ED1AF6
:105720001E448AF31188DCE7C160C361009B82607C
:105730000362C0E905111144C0E90000016170472E
:10574000F8B504460D461646302383F31188A76842
:10575000A7B1A368013BA36063695A1C62611D7015
:10576000D4E904329A4224BFE3686361E3690BB170
:1057700020469847002080F3118807E031462046F4
:1057800001F076F80028E2DA87F31188F8BD00000E
:10579000D0E9052310B59A4201D182687AB98268AE
:1057A0000021013282605A1C82611C7803699A428E
:1057B00024BFC368836101F06BF8204610BD4FF031
:1057C000FF30FBE72DE9F74F04460E461746984693
:1057D000D0F81C904FF0300A8AF311884FF0000B7C
:1057E000154665B12A4631462046FFF7EFFE0346CF
:1057F00060B94146204601F03BF80028F1D0002373
:1058000083F31188781B03B0BDE8F08FB9F1000F66
:1058100003D001902046C847019B8BF31188ED1AF5
:105820001E448AF31188DCE70379052B05BF836AE0
:10583000002001204B6004BF4FF400730B607047E1
:1058400070B55D1E866A04460D44B54205D9436BAA
:1058500043F080034363012070BD06250571FFF707
:1058600083FC05232371F7E770B55D1E866A044645
:105870000D44B54205D9436B43F0800343630120D7
:1058800070BD07250571FFF795FC05232371F7E728
:1058900038B505790446052D05D108230371FFF7B6
:1058A000AFFC257138BD0120FCE700000323F0B5F3
:1058B000037185B00446FFF749FA002220461146DD
:1058C000FFF78EFA4FF4D57203AB08212046FFF79D
:1058D000A9FA0246B8B901232363039BC3F3032348
:1058E000012B09D103AB37212046FFF79BFA18B9EA
:1058F000A44B039A1340ABB120460125FFF758FA99
:105900000223237137E103AB002237212046FFF742
:1059100089FA28B99B4A039B1A40002A00F0A78005
:1059200002232363236B03F00F03022B40F0A980B3
:105930006425954E42F2107000F076FF03AB3246BC
:1059400001212046FFF758FA0028D5D1039B002BF0
:1059500080F293805A0003D5236B43F01003236336
:10596000002204F1080302212046FFF7B9FA02469B
:105970000028C1D104F1380303212046FFF752FA71
:105980000028B9D104F11805A26B092120462B4645
:10599000FFF7A6FA0028AFD102ABA26B0721204681
:1059A000FFF740FA06460028A6D1236B03F00F0349
:1059B000022B40F08F807E227F21284603F02AFAB6
:1059C000012840F28780E76B42F2107000F02CFF54
:1059D00008234FF40072394620460096FFF79CFAE0
:1059E000002889D1384603F063FA236BA06203F0E4
:1059F0000F03022B72D103AB644A06212046FFF746
:105A000011FA002871D15F49039B1940B1FA81F165
:105A100049092046FFF7ACF902AB4FF400721021A0
:105A20002046FFF7FFF9054600287FF465AF554E85
:105A3000029B33427FF460AF236B13F00E0F03F031
:105A40000F0273D0022A7FF457AFE36A1978012955
:105A500000F09480022900F09380002900F08980F2
:105A60004B4F2046FFF7AAF903AB3A4676E01146C2
:105A700020462263FFF7B4F954E7013D7FF45AAFA3
:105A80003AE7444D6426444A3E4F012B18BF154661
:105A900003AB002237212046FFF7C4F900287FF42A
:105AA0002BAF039B3B427FF427AF03AB2A46292150
:105AB0002046FFF7A1F900287FF41EAF039B002BBF
:105AC000FFF648AF013E3FF417AF42F2107000F00E
:105AD000ABFEDDE7284603F0BFF986E77E227F2193
:105AE0002846E66B03F096F908B9002191E70023F8
:105AF00040223146204600930623FFF70DFA002886
:105B0000F3D1B3895BBA9B07EFD5244B40223146D2
:105B1000204600930623FFF7FFF90028E5D1317CEA
:105B200001F00F010F3918BF012172E7E36A1978FC
:105B3000F9B101297FF4E0AE2046FFF73FF903AB4E
:105B4000A26B37212046FFF76DF900287FF4D4AE11
:105B5000039B33427FF4D0AE03AB022206212046E2
:105B6000FFF760F900287FF4C7AE039B33427FF450
:105B7000C3AE05232371284605B0F0BD084F70E77A
:105B8000084F6EE708E0FFFD0080FFC00001B90389
:105B90000000B7030080FF5000001080F1FFFF807D
:105BA0000001B7030002B70337B504460C4D01AB43
:105BB000A26B0D212046FFF735F978B9019B2B42E6
:105BC0000BD1C3F34323042B08D0053B022B04D88D
:105BD0004FF47A7000F028FEE9E7012003B030BDF1
:105BE00008E0FFFD70B53023054683F31188037983
:105BF0000024022B03D184F31188204670BD0423B6
:105C0000037184F311880226FFF7CEFF044628466D
:105C1000FFF7CEF82E71F0E7FFF730B8044B0360C2
:105C20000123037100234363C0E90A33704700BFB7
:105C3000109B000810B53023044683F31188C1621D
:105C4000FFF736F802230020237180F3118810BD7E
:105C500010B53023044683F31188FFF753F800236F
:105C60000122E362227183F3118810BD0268436848
:105C70001143016003B11847704700001430FFF76B
:105C800021BD00004FF0FF331430FFF71BBD0000B3
:105C90003830FFF797BD00004FF0FF333830FFF783
:105CA00091BD00001430FFF7E7BC00004FF0FF315A
:105CB0001430FFF7E1BC00003830FFF741BD0000B1
:105CC0004FF0FF323830FFF73BBD0000012914BF11
:105CD0006FF0130000207047FFF7D2BA044B036047
:105CE00000234360C0E9023301230374704700BFFF
:105CF000349B000810B53023044683F31188FFF766
:105D00002FFB02230020237480F3118810BD0000B4
:105D100038B5C36904460D461BB904210844FFF792
:105D2000A5FF294604F11400FFF78AFC002806DAD3
:105D3000201D4FF40061BDE83840FFF797BF38BD24
:105D4000026843681143016003B1184770470000BF
:105D500013B5406B00F58054D4F8A4381A68117854
:105D6000042914D1017C022911D119790123128946
:105D70008B4013420BD101A94C3002F079FFD4F8CB
:105D8000A4480246019B2179206800F0DFF902B0A7
:105D900010BD0000143002F0FBBE00004FF0FF33D6
:105DA000143002F0F5BE00004C3002F0CDBF000010
:105DB0004FF0FF334C3002F0C7BF0000143002F048
:105DC000C9BE00004FF0FF31143002F0C3BE000026
:105DD0004C3002F099BF00004FF0FF324C3002F01F
:105DE00093BF00000020704710B500F58054D4F830
:105DF000A4381A681178042917D1017C022914D11A
:105E00005979012352898B4013420ED1143002F08C
:105E10005BFE024648B1D4F8A4484FF44073617960
:105E20002068BDE8104000F07FB910BD406BFFF75F
:105E3000DBBF0000704700007FB5124B0125042630
:105E4000044603600023057400F184024360294680
:105E5000C0E902330C4B0290143001934FF44073AD
:105E6000009602F00DFE094B04F69442294604F117
:105E70004C000294CDE900634FF4407302F0D4FE6D
:105E800004B070BD5C9B00082D5E0008515D0008E9
:105E90000A68302383F311880B790B3342F823000F
:105EA0004B79133342F823008B7913B10B3342F84B
:105EB000230000F58053C3F8A418022303740020C4
:105EC00080F311887047000038B5037F044613B192
:105ED00090F85430ABB90125201D0221FFF730FFA7
:105EE00004F114006FF00101257700F0DDFC04F1EE
:105EF0004C0084F854506FF00101BDE8384000F0C8
:105F0000D3BC38BD10B5012104460430FFF718FF9B
:105F10000023237784F8543010BD000038B50446C0
:105F20000025143002F0C4FD04F14C00257702F086
:105F300093FE201D84F854500121FFF701FF2046F5
:105F4000BDE83840FFF750BF90F8803003F06003A1
:105F5000202B06D190F881200023212A03D81F2A64
:105F600006D800207047222AFBD1C0E91D3303E088
:105F7000034A426707228267C3670120704700BF58
:105F80004422002037B500F58055D5F8A4381A68AA
:105F9000117804291AD1017C022917D1197901231A
:105FA00012898B40134211D100F14C04204602F0BB
:105FB00013FF58B101A9204602F05AFED5F8A448B3
:105FC0000246019B2179206800F0C0F803B030BD83
:105FD00001F10B03F0B550F8236085B004460D467F
:105FE000FEB1302383F3118804EB8507301D0821AF
:105FF000FFF7A6FEFB6806F14C005B691B681BB14E
:10600000019002F043FE019803A902F031FE02461E
:1060100048B1039B2946204600F098F8002383F3FB
:10602000118805B0F0BDFB685A691268002AF5D0E6
:106030001B8A013B1340F1D104F18002EAE7000022
:10604000133138B550F82140ECB1302383F3118877
:1060500004F58053D3F8A4281368527903EB820324
:10606000DB689B695D6845B104216018FFF768FE35
:10607000294604F1140002F031FD2046FFF7B4FE7A
:10608000002383F3118838BD7047000001F052BD32
:1060900001234022002110B5044600F8303BFBF7F5
:1060A00073FE0023C4E9013310BD000010B5302396
:1060B000044683F311882422416000210C30FBF751
:1060C00063FE204601F058FD02230020237080F378
:1060D000118810BD70B500EB8103054650690E466E
:1060E0001446DA6018B110220021FBF74DFEA069BA
:1060F00018B110220021FBF747FE31462846BDE8C3
:10610000704001F03FBE000083682022002103F0B0
:10611000011310B5044683601030FBF735FE2046AE
:10612000BDE8104001F0BABEF0B4012500EB8104D7
:1061300047898D40E4683D43A4694581236000237D
:10614000A2606360F0BC01F0D7BE0000F0B401258E
:1061500000EB810407898D40E4683D436469058153
:1061600023600023A2606360F0BC01F04DBF00001B
:1061700070B5022300250446242203702946C0F886
:1061800088500C3040F8045CFBF7FEFD204684F894
:10619000705001F08BFD63681B6823B129462046CF
:1061A000BDE87040184770BD0378052B10B5044654
:1061B0000AD080F88C300523037043681B680BB14C
:1061C000042198470023A36010BD00000178052931
:1061D00006D190F88C20436802701B6803B1184701
:1061E0007047000070B590F87030044613B100237A
:1061F00080F8703004F18002204601F073FE63687D
:106200009B68B3B994F8803013F0600535D0002155
:10621000204602F065F90021204602F055F9636836
:106220001B6813B1062120469847062384F8703076
:1062300070BD204698470028E4D0B4F88630A26F9D
:106240009A4288BFA36794F98030A56F002B4FF066
:10625000300380F20381002D00F0F280092284F8DF
:10626000702083F3118800212046D4E91D23FFF715
:106270006DFF002383F31188DAE794F8812003F09F
:106280007F0343EA022340F20232934200F0C580CA
:1062900021D8B3F5807F48D00DD8012B3FD0022BF9
:1062A00000F09380002BB2D104F1880262670222D1
:1062B000A267E367C1E7B3F5817F00F09B80B3F588
:1062C000407FA4D194F88230012BA0D1B4F888305B
:1062D00043F0020332E0B3F5006F4DD017D8B3F5A9
:1062E000A06F31D0A3F5C063012B90D8636820461E
:1062F00094F882205E6894F88310B4F88430B04734
:10630000002884D0436863670368A3671AE0B3F585
:10631000106F36D040F6024293427FF478AF5C4B68
:1063200063670223A3670023C3E794F88230012B3D
:106330007FF46DAFB4F8883023F00203A4F88830FE
:10634000C4E91D55E56778E7B4F88030B3F5A06F70
:106350000ED194F88230204684F88A3001F004FD92
:1063600063681B6813B101212046984703232370FB
:106370000023C4E91D339CE704F18B036367012309
:10638000C3E72378042B10D1302383F311882046F0
:10639000FFF7BAFE85F311880321636884F88B50F8
:1063A00021701B680BB12046984794F88230002B6F
:1063B000DED084F88B300423237063681B68002BC5
:1063C000D6D0022120469847D2E794F88430204660
:1063D0001D0603F00F010AD501F076FD012804D057
:1063E00002287FF414AF2B4B9AE72B4B98E701F070
:1063F0005DFDF3E794F88230002B7FF408AF94F84A
:10640000843013F00F01B3D01A06204602D502F0F3
:106410007FF8ADE702F070F8AAE794F88230002B1D
:106420007FF4F5AE94F8843013F00F01A0D01B0672
:10643000204602D502F054F89AE702F045F897E7B3
:10644000142284F8702083F311882B462A462946AB
:106450002046FFF769FE85F31188E9E65DB1152254
:1064600084F8702083F3118800212046D4E91D238D
:10647000FFF75AFEFDE60B2284F8702083F31188A3
:106480002B462A4629462046FFF760FEE3E700BF79
:106490008C9B0008849B0008889B000838B590F806
:1064A00070300446002B3ED0063BDAB20F2A34D8B7
:1064B0000F2B32D8DFE803F0373131082232313187
:1064C0003131313131313737856FB0F886309D4207
:1064D00014D2C3681B8AB5FBF3F203FB12556DB9E6
:1064E000302383F311882B462A462946FFF72EFED8
:1064F00085F311880A2384F870300EE0142384F8A1
:106500007030302383F31188002320461A46194641
:10651000FFF70AFE002383F3118838BDC36F03B170
:1065200098470023E7E70021204601F0D9FF00212A
:10653000204601F0C9FF63681B6813B1062120469D
:1065400098470623D7E7000010B590F8703004464E
:10655000142B29D017D8062B05D001D81BB110BD9C
:10656000093B022BFBD80021204601F0B9FF002196
:10657000204601F0A9FF63681B6813B1062120467D
:106580009847062319E0152BE9D10B2380F87030CA
:10659000302383F3118800231A461946FFF7D6FDEE
:1065A000002383F31188DAE7C3689B695B68002BDB
:1065B000D5D1C36F03B19847002384F87030CEE77C
:1065C0000023826880F8243083691B6899689142AF
:1065D000FBD25A6803604260106058607047000048
:1065E0000023826880F8243083691B68996891428F
:1065F000FBD85A6803604260106058607047000022
:1066000008B50846302383F3118891F82430032B12
:1066100005D0042B0DD02BB983F3118808BD8B6AEC
:1066200000221A604FF0FF338362FFF7C9FF002397
:10663000F2E7D1E9003213605A60F3E7034610B580
:106640001B68984203D09C688A689442F8D25A68C2
:106650000B604A601160596010BD0000FFF7B0BFC9
:10666000064BD96881F824001868026853601A60E4
:106670000122D86080F82420F9F7C4BE68460020C3
:106680000C4B30B5DD684B1C87B004460FD02B4651
:10669000094A684600F09CF92046FFF7E1FF009B9D
:1066A00013B1684600F09EF9A86A07B030BDFFF745
:1066B000D7FFF9E76846002001660008044B1A6816
:1066C000DB6890689B68984294BF00200120704767
:1066D00068460020094B10B51C68D86822685360D2
:1066E0001A600122DC6084F82420FFF779FF01465C
:1066F0002046BDE81040F9F785BE00BF684600207F
:10670000044B1A68DB6892689B689A4201D9FFF7CC
:10671000E1BF70476846002038B50123084C0025CA
:106720002370656002F0F2FB02F018FC0549064890
:1067300002F0EEFC0223237085F3118838BD00BF00
:1067400010490020949B00086846002000F080B9A2
:10675000034A516853685B1A9842FBD8704700BFE0
:10676000001000E08B604B630023CA6100F1280237
:106770000B6302230A618B840123886181F8263030
:1067800001F11003C26A4A611360C36201F12C0374
:106790000846CB6270470000D0E90131026841F839
:1067A000183CA1F19C033839CB60036941F8243CC3
:1067B000436941F8203C034B41F8043CC36802485C
:1067C000FFF7D0BF1D0400086846002008B5FFF79A
:1067D000E3FFBDE80840FFF741BF000038B50E4BAE
:1067E000DC6804F12C05A062E06AA8420FD194F89D
:1067F00026303BB994F825309B0702BFD4E9043218
:1068000013605A600F20BDE83840FFF729BF0368C6
:10681000E362FFF723FFE7E768460020302383F3B6
:106820001188FFF7DBBF000008B50146302383F372
:1068300011880820FFF724FF002383F3118808BD87
:10684000054BDB6821B1036098620320FFF718BF96
:106850004FF0FF30704700BF6846002003682BB13F
:106860000022026018469962FFF7F8BE70470000E8
:10687000064BDB6839B1426818605A6013604360A8
:106880000420FFF7FDBE4FF0FF3070476846002040
:106890000368984206D01A680260506018469962F0
:1068A000FFF7DCBE7047000038B504460D4620688F
:1068B000844200D138BD036823605C608562FFF7C5
:1068C000CDFEF4E7036810B59C68A2420CD85C6862
:1068D0008A600B604C602160596099688A1A9A60DE
:1068E0004FF0FF33836010BD121B1B68ECE7000004
:1068F0000A2938BF0A2170B504460D460A266019D8
:1069000002F0FEFA02F0E6FA041BA54203D8751C59
:1069100004462E46F3E70A2E04D90120BDE8704054
:1069200002F0BEBC70BD0000F8B5144B0D460A2A3B
:106930004FF00A07D96103F11001826038BF0A22C3
:10694000416019691446016048601861A81802F096
:10695000C7FA02F0BFFA431B0646A34206D37C1CCB
:1069600028192746354602F0CBFAF2E70A2F04D958
:106970000120BDE8F84002F093BCF8BD6846002055
:10698000F8B506460D4602F0A5FA0F4A134653F82D
:10699000107F9F4206D12A4601463046BDE8F840A6
:1069A000FFF7C2BFD169BB68441A2C1928BF2C4617
:1069B000A34202D92946FFF79BFF224631460348EE
:1069C000BDE8F840FFF77EBF68460020784600200B
:1069D000C0E90323002310B45DF8044B4361FFF7C3
:1069E000CFBF000010B5194C236998420DD08168C3
:1069F000D0E9003213605A609A680A449A60002312
:106A000003604FF0FF33A36110BD0268234643F8D3
:106A1000102F53600022026022699A4203D1BDE820
:106A2000104002F067BA936881680B44936002F0EB
:106A300051FA2269E1699268441AA242E4D91144E8
:106A4000BDE81040091AFFF753BF00BF6846002099
:106A50002DE9F047DFF8BC8008F110072C4ED8F87C
:106A6000105002F037FAD8F81C40AA68031B9A426B
:106A70003ED814444FF00009D5E90032C8F81C4054
:106A800013605A60C5F80090D8F81030B34201D1B5
:106A900002F030FA89F31188D5E903312846984786
:106AA000302383F311886B69002BD8D002F012FADF
:106AB0006A69A0EB040982464A450DD2022002F021
:106AC000EFFB0022D8F81030B34208D151462846D7
:106AD000BDE8F047FFF728BF121A2244F2E712EB95
:106AE00009092946384638BF4A46FFF7EBFEB5E7A5
:106AF000D8F81030B34208D01444C8F81C00211A4A
:106B0000A960BDE8F047FFF7F3BEBDE8F08700BF1E
:106B1000784600206846002038B502F0DBF9054AC7
:106B2000D2E90845031B181945F10001C2E9080123
:106B300038BD00BF6846002010B560B90748047929
:106B40000368053C9B6818BF0124984708B144F0CE
:106B50000404204610BD0124FBE700BFC836002016
:106B6000FFF7EABF2DE9F047884617469A460446E4
:106B7000B0B90D4E3579052D05D003240DE0013D4A
:106B800015F0FF050ED03268534639463046D2F82C
:106B900014904246C8470028F1D12046BDE8F0874E
:106BA0000424FAE70124F8E7C83600202DE9F0476D
:106BB000884617469A460446B0B90D4E3579052DDC
:106BC00005D003240DE0013D15F0FF050ED032681D
:106BD000534639463046D2F818904246C8470028F6
:106BE000F1D12046BDE8F0870424FAE70124F8E754
:106BF000C836002037B50C46154670B951B1012989
:106C00000BD10748694603681B6A984710B9019B76
:106C100004462B60204603B030BD0424FAE700BFD1
:106C2000C836002000207047FEE7000070470000D3
:106C30004FF0FF30704700004B6843608B68836003
:106C4000CB68C3600B6943614B6903628B69436224
:106C50000B6803607047000008B53C4B40F2FF71C1
:106C60003B48D3F888200A43C3F88820D3F888200B
:106C700022F4FF6222F00702C3F88820D3F88820AC
:106C8000D3F8E0200A43C3F8E020D3F808210A43F0
:106C9000C3F808212F4AD3F808311146FFF7CCFF7B
:106CA00000F5806002F11C01FFF7C6FF00F580606F
:106CB00002F13801FFF7C0FF00F5806002F15401D6
:106CC000FFF7BAFF00F5806002F17001FFF7B4FF33
:106CD00000F5806002F18C01FFF7AEFF00F58060E7
:106CE00002F1A801FFF7A8FF00F5806002F1C401DE
:106CF000FFF7A2FF00F5806002F1E001FFF79CFFC3
:106D000000F5806002F1FC01FFF796FF02F58C713F
:106D100000F58060FFF790FF01F092FC0E4BD3F876
:106D2000902242F00102C3F89022D3F8942242F05C
:106D30000102C3F894220522C3F898204FF0605254
:106D4000C3F89C20054AC3F8A02008BD004402589F
:106D500000000258A89B000800ED00E01F00080397
:106D600008B501F079FEFFF7D7FC104BD3F8DC2013
:106D700042F04002C3F8DC20D3F8042122F04002A4
:106D8000C3F80421D3F80431094B1A6842F0080211
:106D90001A601A6842F004021A6000F07FFD00F0E9
:106DA00041FBBDE8084000F0B5B800BF0044025800
:106DB000001802480120704700207047704700000B
:106DC00002290CD0032904D00129074818BF00204C
:106DD0007047032A05D8054800EBC20070470448F5
:106DE00070470020704700BFA49D00085422002077
:106DF000589D000870B59AB005460846144601A98A
:106E000000F0C2F801A8FAF7B7FF431C0022C6B28F
:106E10005B001046C5E9003423700323023404F8F4
:106E2000013C01ABD1B202348E4201D81AB070BD20
:106E300013F8011B013204F8010C04F8021CF1E7FD
:106E400008B5302383F311880348FFF79BF800232C
:106E500083F3118808BD00BF1849002090F88030E6
:106E600003F01F02012A07D190F881200B2A03D1D9
:106E70000023C0E91D3315E003F06003202B08D187
:106E8000B0F884302BB990F88120212A03D81F2A2A
:106E900004D8FFF759B8222AEBD0FAE7034A426731
:106EA00007228267C3670120704700BF4B22002082
:106EB00007B5052917D8DFE801F0191603191920BD
:106EC000302383F31188104A01210190FFF702F962
:106ED000019802210D4AFFF7FDF80D48FFF71EF853
:106EE000002383F3118803B05DF804FB302383F3A0
:106EF00011880748FEF7E8FFF2E7302383F3118893
:106F00000348FEF7FFFFEBE7F89C00081C9D000814
:106F10001849002038B50C4D0C4C2A460C4904F198
:106F20000800FFF767FF05F1CA0204F110000949E4
:106F3000FFF760FF05F5CA7204F118000649BDE8C5
:106F40003840FFF757BF00BFF061002054220020F7
:106F5000DC9C0008E49C0008EF9C000870B5044627
:106F600008460D46FAF708FFC6B2204601340378FA
:106F70000BB9184670BD32462946FAF7E9FE0028DB
:106F8000F3D10120F6E700002DE9F84F05460C4645
:106F9000FAF7F2FE2C49C6B22846FFF7DFFF08B128
:106FA0000536F6B229492846FFF7D8FF08B1103652
:106FB000F6B2632E0DD8DFF89080DFF89090244F62
:106FC000DFF894A0DFF894B02E7846B92670BDE8BB
:106FD000F88F29462046BDE8F84F02F02DBA252E3D
:106FE0002ED1072241462846FAF7B2FE70B9DBF8E7
:106FF000003007350C3444F80C3CDBF8043044F81E
:10700000083CDBF8083044F8043CDDE70822494638
:107010002846FAF79DFE98B9A21C0E4B1978023249
:107020000909C95D02F8041C13F8011B01F00F01E6
:107030005345C95D02F8031CF0D118340835C3E785
:10704000013504F8016BBFE7C49D0008EF9C000800
:10705000D99D000800E8F11F0CE8F11FCC9D000845
:10706000BFF34F8F044B1A695107FCD1D3F810219D
:107070005207F8D1704700BF0020005208B50D4BF1
:107080001B78ABB9FFF7ECFF0B4BDA68D10704D5DF
:107090000A4A5A6002F188325A60D3F80C21D207AA
:1070A00006D5064AC3F8042102F18832C3F8042148
:1070B00008BD00BF4E640020002000522301674538
:1070C00008B5114B1B78F3B9104B1A69510703D55A
:1070D000DA6842F04002DA60D3F81021520705D591
:1070E000D3F80C2142F04002C3F80C21FFF7B8FF9F
:1070F000064BDA6842F00102DA60D3F80C2142F064
:107100000102C3F80C2108BD4E640020002000528B
:107110000F289ABF00F580604004002070470000EF
:107120004FF4003070470000102070470F2808B55A
:107130000BD8FFF7EDFF00F500330268013204D1F0
:1071400004308342F9D1012008BD0020FCE7000093
:107150000F2838B505463FD8FFF782FF1F4CFFF7D1
:107160008DFF4FF0FF3307286361C4F814311DD839
:107170002361FFF775FF030243F02403E360E36834
:1071800043F08003E36023695A07FCD42846FFF7E5
:1071900067FFFFF7BDFF4FF4003100F0B9FA284652
:1071A000FFF78EFFBDE83840FFF7C0BFC4F81031CD
:1071B000FFF756FFA0F108031B0243F02403C4F8B5
:1071C0000C31D4F80C3143F08003C4F80C31D4F8FE
:1071D00010315B07FBD4D9E7002038BD00200052F6
:1071E0002DE9F84F04460D46104644EA0203DE0638
:1071F00002D00020BDE8F88F20F01F00DFF8D4B0E7
:10720000DFF8D4A0FFF73AFF05EB0008454503D1AE
:107210000120FFF755FFEDE720222946204602F026
:10722000B1F810B920342035F0E7234604F12002EC
:107230001F68791CDDD104339342F9D104F17843FE
:107240002048214EB3F5801F204B38BF184603F16C
:10725000F80332BFD946D1461E46FFF701FF07604B
:10726000A4EB050C336805F11C0143F00203336005
:107270002B1FD9F8007017F00507FAD153F8042F27
:107280008B424CF80320F4D1BFF34F8FFFF7E8FE99
:107290004FF0FF330360336823F002033360BFF322
:1072A0004F8F0B4BC3F85C42BFF34F8FBFF36F8F11
:1072B00020222946204602F065F80028B2D0384640
:1072C000A7E700BF142100520C20005214200052E6
:1072D00000ED00E0102000521021005210B5084CC3
:1072E000237828B11BB9FFF7C9FE0123237010BD15
:1072F000002BFCD02070BDE81040FFF7E1BE00BFBE
:107300004E6400202DE9F04F0D4685B0814658B1FE
:1073100011F00D0614BF2022082211F0080301937A
:1073200004D0431E034269D0002435E0002E37D03C
:1073300009F11F0121F01F094FF00108314F05F03D
:107340000403DFF8CCA005EA080BBBF1000F32D034
:107350007869C0072FD408F101080C37B8F1060F7F
:10736000F3D19EB9284D4946A819019201F018FEA3
:107370000446002839D12036019AA02EF3D149467F
:1073800001F00EFE044600282FD1019A49461F48FD
:1073900001F006FE044660BB204605B0BDE8F08F54
:1073A0000029C9D101462846029201F0F9FD0446A0
:1073B000D8B9029AC0E713B178694107CBD5AC07B9
:1073C00002D578698007C6D5019911B1786901079E
:1073D000C1D549460AEB4810CDE9022301F0E0FD92
:1073E0000446DDE902230028B5D04A4600212046A4
:1073F00001E04A460021FAF7C7FCCDE70246002E1D
:1074000096D199E7EC9D000890640020506400201C
:10741000706400200021FFF775BF00000121FFF715
:1074200071BF000070B5144D0124144E40F2FF32BC
:1074300000210120FAF7A8FC06EB441001342A6968
:1074400055F80C1F01F098FD062CF5D137254FF4A7
:10745000C0542046FFF7E2FF014628B12246084803
:10746000BDE8704001F088BDC4EBC404013D4FEAA3
:10747000D404EED170BD00BFEC9D00087064002004
:10748000506400200421FFF73DBF00004843FFF790
:10749000C1BF000008B101F0F5BD7047B0F5805FD5
:1074A00010B5044607D8FFF7EDFF28B92046BDE820
:1074B0001040FFF7AFBF002010BD0000FFF7EABF8C
:1074C00070B5AAB140EA010313F01F030FD1094CB4
:1074D0000144A5686D0706D52568A84203D36668F0
:1074E0003544A94204D903330C34122BF1D10022C4
:1074F000104670BDEC9D000808B501F0D9FE034AA6
:10750000D2E90032C01842EB010108BD306500200D
:10751000434BD3E900232DE9F34113437CD0FFF71C
:10752000EBFF404A00230027F8F786FF06460D468A
:107530003D4A0023F8F780FF0023144630462946D1
:10754000394AF8F779FF4FF461613C23ADF80170D7
:10755000B4FBF1F5B4FBF3F601FB154103FB164652
:107560004624B1FBF3F1314BF6B28DF8004098425E
:107570003CD84FF0640C4FF4C87EA30704F26C7241
:1075800025D1B2FBFCF30CFB132313BBB2FBFEF3C0
:107590000EFB1322B2FA82F35B0903F26D18621C30
:1075A0008045D2B217D90FB18DF800400022204C8F
:1075B0004FF00C0C17460CFB0343D4B2013213F806
:1075C00004C084450CD8A0EB0C000127F5E700238C
:1075D000E3E70123E1E7A0EB080014460127CCE72D
:1075E0000FB18DF80140431C8DF802309DF8010069
:1075F000431C9DF800005038400640EA43509DF877
:10760000023040EA034040EA560040EAC52040EA22
:10761000411002B0BDE8F0814FF40410F9E700BF5B
:107620003065002040420F008051010090230B0084
:10763000349E00080244074BD2B210B5904200D1EC
:1076400010BD441C00B253F8200041F8040BE0B216
:10765000F4E700BF504000580E4B30B51C6F2404B7
:1076600005D41C6F1C671C6F44F400441C670A4C53
:1076700002442368D2B243F480732360074B9042E4
:1076800000D130BD441C51F8045B00B243F82050D7
:10769000E0B2F4E700440258004802585040005855
:1076A00007B5012201A90020FFF7C4FF019803B02C
:1076B0005DF804FB13B50446FFF7F2FFA04205D0C6
:1076C000012201A900200194FFF7C6FF02B010BDFE
:1076D00010B56424013C4FF47A70FFF7A5F814F05C
:1076E000FF04F7D1094B4FF4802214249A61A3F5CB
:1076F00000634FF080629A61013C4FF47A70FFF7AB
:1077000093F814F0FF04F7D110BD00BF0010025829
:107710000144BFF34F8F064B884204D3BFF34F8F12
:10772000BFF36F8F7047C3F85C022030F4E700BFEF
:1077300000ED00E00144BFF34F8F064B884204D3B5
:10774000BFF34F8FBFF36F8F7047C3F870022030C5
:10775000F4E700BF00ED00E070B5054616460C46A4
:1077600001201021FFF792FE286046733CB12046AD
:1077700036B1FFF787FE2B68186000B19C6070BDC2
:10778000FFF74CFEF7E70000F8B50F461546044634
:1077900048B905F11F010126386821F01F01FFF7E4
:1077A000B7FF3046F8BD427B29463868FFF788FEB0
:1077B00006460028EDD13B686360A368AB4210D257
:1077C00013B12068FFF766FE637B28462BB1FFF7F5
:1077D00059FE206020B9A060E3E7FFF71FFEF8E73D
:1077E000A560206805F11F01012621F01F01386006
:1077F000FFF78EFF2673D4E710B5044640B100684A
:10780000884205D1606808B1FAF798FA002323731B
:1078100010BD0000F8B50F461446054648B904F1FE
:107820001F010126386821F01F01FFF783FF304652
:10783000F8BD427B21463868FFF742FE0646002825
:10784000EDD1AB68A34210D213B12868FFF722FE36
:107850006B7B20462BB1FFF715FE286020B9A8608E
:10786000E5E7FFF7DBFDF8E7AC60396819B12246C0
:107870002868FAF763FA286804F11F01012621F04D
:107880001F013860FFF756FF2E73D0E720B1036861
:107890008B4204BF0023037370470000034B1A6838
:1078A0001AB9034AD2F8D0241A607047386500200C
:1078B0000040025808B5FFF7F1FF024B1868C0F30B
:1078C000806008BD38650020EFF3098305496833FF
:1078D0004A6B22F001024A6383F30988002383F391
:1078E0001188704700EF00E0302080F3118862B605
:1078F0000D4B0E4AD96821F4E0610904090C0A43D2
:107900000B49DA60D3F8FC2042F08072C3F8FC2007
:10791000084AC2F8B01F116841F00101116020222D
:10792000DA7783F82200704700ED00E00003FA05E3
:1079300055CEACC5001000E0302310B583F311889C
:107940000E4B5B6813F4006314D0F1EE103AEFF3C2
:1079500009844FF08073683CE361094BDB6B23665D
:1079600084F30988FEF7AAFE10B1064BA36110BD8F
:10797000054BFBE783F31188F9E700BF00ED00E05A
:1079800000EF00E02F0400083204000870B5BFF3D8
:107990004F8FBFF36F8F1A4A0021C2F85012BFF306
:1079A0004F8FBFF36F8F536943F400335361BFF3BD
:1079B0004F8FBFF36F8FC2F88410BFF34F8FD2F891
:1079C000803043F6E074C3F3C900C3F34E335B0168
:1079D00003EA0406014646EA81750139C2F860529D
:1079E000F9D2203B13F1200FF2D1BFF34F8F53692F
:1079F00043F480335361BFF34F8FBFF36F8F70BD7C
:107A000000ED00E0FEE70000214B2248224A70B55D
:107A1000904237D3214BC11EDA1C121A22F0030206
:107A20008B4238BF00220021FAF7AEF91C4A00232E
:107A3000C2F88430BFF34F8FD2F8803043F6E07441
:107A4000C3F3C900C3F34E335B0103EA04060146E6
:107A500046EA81750139C2F86C52F9D2203B13F124
:107A6000200FF2D1BFF34F8FBFF36F8FBFF34F8F54
:107A7000BFF36F8F0023C2F85032BFF34F8FBFF3B5
:107A80006F8F70BD53F8041B40F8041BC0E700BFA4
:107A90003C9F0008346700203467002034670020D2
:107AA00000ED00E0074BD3F8D81021EA0001C3F83D
:107AB000D810D3F8002122EA0002C3F80021D3F83D
:107AC000003170470044025870B5D0E924430022C9
:107AD0004FF0FF359E6804EB42135101D3F80009C3
:107AE000002805DAD3F8000940F08040C3F8000907
:107AF000D3F8000B002805DAD3F8000B40F08040E3
:107B0000C3F8000B013263189642C3F80859C3F852
:107B1000085BE0D24FF00113C4F81C3870BD0000C0
:107B2000890141F02001016103699B06FCD4122008
:107B3000FEF70EBE10B50A4C2046FEF7A9FA094B17
:107B4000C4F89030084BC4F89430084C2046FEF737
:107B50009FFA074BC4F89030064BC4F8943010BD20
:107B60003C65002000000840709E0008D865002099
:107B7000000004407C9E000870B503780546012B88
:107B80005CD1434BD0F89040984258D1414B0E21E4
:107B90006520D3F8D82042F00062C3F8D820D3F88B
:107BA000002142F00062C3F80021D3F80021D3F88D
:107BB000802042F00062C3F88020D3F8802022F0B9
:107BC0000062C3F88020D3F88030FDF7A5FC324B6B
:107BD000E360324BC4F800380023D5F89060C4F855
:107BE000003EC02323604FF40413A3633369002BCA
:107BF000FCDA01230C203361FEF7AAFD3369DB07B1
:107C0000FCD41220FEF7A4FD3369002BFCDA002619
:107C10002846A660FFF758FF6B68C4F81068DB6859
:107C2000C4F81468C4F81C6883BB1D4BA3614FF0F3
:107C3000FF336361A36843F00103A36070BD194B78
:107C40009842C9D1134B4FF08060D3F8D82042F04E
:107C50000072C3F8D820D3F8002142F00072C3F8B4
:107C60000021D3F80021D3F8802042F00072C3F83D
:107C70008020D3F8802022F00072C3F88020D3F84F
:107C80008030FFF70FFF0E214D209EE7064BCDE71A
:107C90003C650020004402584014004003002002CC
:107CA000003C30C0D8650020083C30C0F8B5D0F8A2
:107CB0009040054600214FF000662046FFF730FF58
:107CC000D5F8941000234FF001128F684FF0FF3069
:107CD000C4F83438C4F81C2804EB431201339F4223
:107CE000C2F80069C2F8006BC2F80809C2F8080BB4
:107CF000F2D20B68D5F89020C5F898306362102353
:107D00001361166916F01006FBD11220FEF720FD54
:107D1000D4F8003823F4FE63C4F80038A36943F4B0
:107D2000402343F01003A3610923C4F81038C4F8BA
:107D300014380B4BEB604FF0C043C4F8103B094BB9
:107D4000C4F8003BC4F81069C4F80039D5F898307D
:107D500003F1100243F48013C5F89820A362F8BD24
:107D60004C9E000840800010D0F8902090F88A10B7
:107D7000D2F8003823F4FE6343EA0113C2F8003856
:107D8000704700002DE9F84300EB8103D0F89050D4
:107D90000C468046DA680FFA81F94801166806F049
:107DA0000306731E022B05EB41134FF0000194BF35
:107DB000B604384EC3F8101B4FF0010104F1100354
:107DC00098BF06F1805601FA03F3916998BF06F552
:107DD000004600293AD0578A04F158013743490137
:107DE0006F50D5F81C180B430021C5F81C382B1810
:107DF0000127C3F81019A7405369611E9BB3138A6A
:107E0000928B9B08012A88BF5343D8F89820981872
:107E100042EA034301F140022146C8F8980028468F
:107E200005EB82025360FFF77BFE08EB8900C36815
:107E30001B8A43EA845348341E4364012E51D5F80B
:107E40001C381F43C5F81C78BDE8F88305EB4917BB
:107E5000D7F8001B21F40041C7F8001BD5F81C1807
:107E600021EA0303C0E704F13F030B4A28462146F9
:107E700005EB83035A60FFF753FE05EB4910D0F87A
:107E8000003923F40043C0F80039D5F81C3823EA40
:107E90000707D7E70080001000040002D0F8942004
:107EA0001268C0F89820FFF70FBE00005831D0F8D4
:107EB000903049015B5813F4004004D013F4001FC4
:107EC0000CBF0220012070474831D0F890304901A2
:107ED0005B5813F4004004D013F4001F0CBF0220C1
:107EE0000120704700EB8101CB68196A0B681360B1
:107EF0004B6853607047000000EB810330B5DD68CC
:107F0000AA691368D36019B9402B84BF402313605A
:107F10006B8A1468D0F890201C4402EB4110013C9D
:107F200009B2B4FBF3F46343033323F0030343EADE
:107F3000C44343F0C043C0F8103B2B6803F0030375
:107F4000012B0ED1D2F8083802EB411013F4807FD8
:107F5000D0F8003B14BF43F0805343F00053C0F807
:107F6000003B02EB4112D2F8003B43F00443C2F85D
:107F7000003B30BD2DE9F041D0F8906005460C463D
:107F800006EB4113D3F8087B3A07C3F8087B08D502
:107F9000D6F814381B0704D500EB8103DB685B6857
:107FA0009847FA071FD5D6F81438DB071BD505EB21
:107FB0008403D968CCB98B69488A5A68B2FBF0F659
:107FC00000FB16228AB91868DA6890420DD2121A9C
:107FD000C3E90024302383F3118821462846FFF7A4
:107FE0008BFF84F31188BDE8F081012303FA04F2CA
:107FF0006B8923EA02036B81CB68002BF3D0214607
:108000002846BDE8F041184700EB81034A0170B5EE
:10801000DD68D0F890306C692668E66056BB1A447B
:108020004FF40020C2F810092A6802F00302012A66
:108030000AB20ED1D3F8080803EB421410F4807F83
:10804000D4F8000914BF40F0805040F00050C4F84C
:10805000000903EB4212D2F8000940F00440C2F8D4
:1080600000090122D3F8340802FA01F10143C3F8F0
:10807000341870BD19B9402E84BF4020206020689C
:108080001A442E8A8419013CB4FBF6F440EAC44039
:1080900040F00050C6E700002DE9F843D0F89060AA
:1080A00005460C464F0106EB4113D3F8088918F03A
:1080B000010FC3F808891CD0D6F81038DB0718D593
:1080C00000EB8103D3F80CC0DCF81430D3F800E0E7
:1080D000DA68964530D2A2EB0E024FF000091A6022
:1080E000C3F80490302383F31188FFF78DFF89F3E1
:1080F000118818F0800F1DD0D6F834380126A6401C
:10810000334217D005EB84030134D5F89050D3F8EF
:108110000CC0E4B22F44DCF8142005EB0434D2F890
:1081200000E05168714514D3D5F8343823EA0606C7
:10813000C5F83468BDE8F883012303FA01F2038926
:1081400023EA02030381DCF80830002BD1D09847E2
:10815000CFE7AEEB0103BCF81000834228BF034613
:10816000D7F8180980B2B3EB800FE3D89068A0F17C
:10817000040959F8048FC4F80080A0EB090898445A
:10818000B8F1040FF5D818440B4490605360C8E769
:108190002DE9F84FD0F8905004466E69AB691E4047
:1081A00016F480586E6103D0BDE8F84FFDF7E0BFCC
:1081B000002E12DAD5F8003E9B0705D0D5F8003E18
:1081C00023F00303C5F8003ED5F80438204623F019
:1081D0000103C5F80438FDF7F9FF370505D520463A
:1081E000FFF772FC2046FDF7DFFFB0040CD5D5F891
:1081F000083813F0060FEB6823F470530CBF43F4F8
:10820000105343F4A053EB6031071BD56368DB6860
:108210001BB9AB6923F00803AB612378052B0CD1A4
:10822000D5F8003E9A0705D0D5F8003E23F00303A9
:10823000C5F8003E2046FDF7C9FF6368DB680BB157
:1082400020469847F30200F1BA80B70226D5D4F849
:10825000909000274FF0010A09EB4712D2F8003B3B
:1082600003F44023B3F5802F11D1D2F8003B002B4B
:108270000DDA62890AFA07F322EA0303638104EB49
:108280008703DB68DB6813B139462046984701371E
:10829000D4F89430FFB29B689F42DDD9F00619D51F
:1082A000D4F89000026AC2F30A1702F00F0302F436
:1082B000F012B2F5802F00F0CA80B2F5402F09D13C
:1082C00004EB8303002200F58050DB681B6A9742B1
:1082D00040F0B0803003D5F8185835D5E90303D500
:1082E00000212046FFF746FEAA0303D501212046C0
:1082F000FFF740FE6B0303D502212046FFF73AFE4D
:108300002F0303D503212046FFF734FEE80203D5EF
:1083100004212046FFF72EFEA90203D505212046A1
:10832000FFF728FE6A0203D506212046FFF722FE4A
:108330002B0203D507212046FFF71CFEEF0103D5D2
:1083400008212046FFF716FE700340F1A780E907D9
:1083500003D500212046FFF79FFEAA0703D5012180
:108360002046FFF799FE6B0703D502212046FFF751
:1083700093FE2F0703D503212046FFF78DFEEE065F
:1083800003D504212046FFF787FEA80603D5052163
:108390002046FFF781FE690603D506212046FFF738
:1083A0007BFE2A0603D507212046FFF775FEEB0565
:1083B00074D520460821BDE8F84FFFF76DBED4F80C
:1083C00090904FF0000B4FF0010AD4F894305FFA10
:1083D0008BF79B689F423FF638AF09EB4713D3F802
:1083E000002902F44022B2F5802F20D1D3F80029D1
:1083F000002A1CDAD3F8002942F09042C3F8002981
:10840000D3F80029002AFBDB3946D4F89000FFF7A7
:1084100087FB22890AFA07F322EA0303238104EB8C
:108420008703DB689B6813B13946204698470BF1F8
:10843000010BCAE7910701D1D0F80080072A02F1A9
:1084400001029CBF03F8018B4FEA18283FE704EBB9
:10845000830300F58050DA68D2F818C0DCF80820F1
:10846000DCE9001CA1EB0C0C00218F4208D1DB6879
:108470009B699A683A449A605A683A445A6029E774
:1084800011F0030F01D1D0F800808C4501F10101FA
:1084900084BF02F8018B4FEA1828E6E7BDE8F88FA1
:1084A00008B50348FFF774FEBDE80840FFF744BA7B
:1084B0003C65002008B50348FFF76AFEBDE80840A8
:1084C000FFF73ABAD8650020D0F8903003EB41119D
:1084D000D1F8003B43F40013C1F8003B70470000A3
:1084E000D0F8903003EB4111D1F8003943F4001378
:1084F000C1F8003970470000D0F8903003EB41110B
:10850000D1F8003B23F40013C1F8003B7047000092
:10851000D0F8903003EB4111D1F8003923F4001367
:10852000C1F8003970470000064BD3F8DC20024345
:10853000C3F8DC20D3F804211043C3F80401D3F8B6
:10854000043170470044025808B53C4B4FF0FF31EE
:10855000D3F8802062F00042C3F88020D3F8802056
:1085600002F00042C3F88020D3F88020D3F88420A2
:10857000C3F88410D3F884200022C3F88420D3F8F1
:108580008400D86F40F0FF4040F4FF0040F4DF402B
:1085900040F07F00D867D86F20F0FF4020F4FF0044
:1085A00020F4DF4020F07F00D867D86FD3F8880030
:1085B0006FEA40506FEA5050C3F88800D3F8880043
:1085C000C0F30A00C3F88800D3F88800D3F89000FD
:1085D000C3F89010D3F89000C3F89020D3F890001F
:1085E000D3F89400C3F89410D3F89400C3F89420FF
:1085F000D3F89400D3F89800C3F89810D3F89800F3
:10860000C3F89820D3F89800D3F88C00C3F88C10E6
:10861000D3F88C00C3F88C20D3F88C00D3F89C00DE
:10862000C3F89C10D3F89C10C3F89C20D3F89C305E
:10863000FCF720FABDE8084000F0D6B90044025823
:1086400008B50122534BC3F80821534BD3F8F4204B
:1086500042F00202C3F8F420D3F81C2142F00202D7
:10866000C3F81C210222D3F81C314C4BDA605A6843
:108670009104FCD54A4A1A6001229A60494ADA609C
:1086800000221A614FF440429A61444B9A69920465
:10869000FCD51A6842F480721A603F4B1A6F12F4CC
:1086A000407F04D04FF480321A6700221A671A689C
:1086B00042F001021A60384B1A685007FCD50022BC
:1086C0001A611A6912F03802FBD1012119604FF0CA
:1086D000804159605A67344ADA62344A1A611A682A
:1086E00042F480321A602C4B1A689103FCD51A6848
:1086F00042F480521A601A689204FCD52C4A2D4923
:108700009A6200225A63196301F57C01DA6301F26F
:10871000E71199635A64284A1A64284ADA621A6887
:1087200042F0A8521A601C4B1A6802F02852B2F1AB
:10873000285FF9D148229A614FF48862DA614022B9
:108740001A621F4ADA641F4A1A651F4A5A651F4A8D
:108750009A6532231E4A1360136803F00F03022B3D
:10876000FAD10D4A136943F003031361136903F04F
:108770003803182BFAD14FF00050FFF7D5FE4FF019
:108780008040FFF7D1FE4FF00040BDE80840FFF702
:10879000CBBE00BF00800051004402580048025880
:1087A00000C000F0020000010000FF0100889008F6
:1087B0002220400063020901470E0508DD0BBF01BE
:1087C00020000020000001100910E000000101104D
:1087D000002000524FF0B04208B5D2F8883003F0C4
:1087E0000103C2F8883023B1044A13680BB1506802
:1087F0009847BDE80840FFF79FB800BFB466002067
:108800004FF0B04208B5D2F8883003F00203C2F846
:10881000883023B1044A93680BB1D0689847BDE80B
:108820000840FFF789B800BFB46600204FF0B0429F
:1088300008B5D2F8883003F00403C2F8883023B1B9
:10884000044A13690BB150699847BDE80840FFF727
:1088500073B800BFB46600204FF0B04208B5D2F83C
:10886000883003F00803C2F8883023B1044A9369C2
:108870000BB1D0699847BDE80840FFF75DB800BF6D
:10888000B46600204FF0B04208B5D2F8883003F04B
:108890001003C2F8883023B1044A136A0BB1506A3E
:1088A0009847BDE80840FFF747B800BFB46600200E
:1088B0004FF0B04310B5D3F8884004F47872C3F891
:1088C0008820A30604D5124A936A0BB1D06A984750
:1088D000600604D50E4A136B0BB1506B9847210606
:1088E00004D50B4A936B0BB1D06B9847E20504D5C6
:1088F000074A136C0BB1506C9847A30504D5044A82
:10890000936C0BB1D06C9847BDE81040FFF714B8DA
:10891000B46600204FF0B04310B5D3F8884004F49B
:108920007C42C3F88820620504D5164A136D0BB14A
:10893000506D9847230504D5124A936D0BB1D06D45
:108940009847E00404D50F4A136E0BB1506E984758
:10895000A10404D50B4A936E0BB1D06E9847620404
:1089600004D5084A136F0BB1506F9847230404D500
:10897000044A936F0BB1D06F9847BDE81040FEF7E3
:10898000DBBF00BFB466002008B50348FCF73AFC23
:10899000BDE80840FEF7D0BFC836002008B5034840
:1089A000FCF734FDBDE80840FEF7C6BF20390020C3
:1089B00008B50348FCF72AFDBDE80840FEF7BCBF38
:1089C0008C39002008B50348FCF720FDBDE80840BD
:1089D000FEF7B2BFF839002008B500F0BDFCBDE8D5
:1089E0000840FEF7A9BF0000062108B50846FCF7BD
:1089F00093FD06210720FCF78FFD06210820FCF7D8
:108A00008BFD06210920FCF787FD06210A20FCF7D3
:108A100083FD06211720FCF77FFD06212820FCF7A7
:108A20007BFD09217A20FCF777FD09217C20FCF7EA
:108A300073FD07213220FCF76FFD0C212720FCF786
:108A40006BFD0C213520FCF767FD0C215220BDE8A1
:108A50000840FCF761BD000008B5FFF775FD00F0A8
:108A600043FCFDF739F9FDF7D7F8FDF70FFBFDF7EC
:108A7000E1F9FEF7A3F9BDE8084000F029BA0000CB
:108A800030B50433039C0172002104FB0325C1604F
:108A9000C0E90653049B0363059BC0E90000C0E9DD
:108AA0000422C0E90842C0E90A11436330BD000056
:108AB0000022416AC260C0E90411C0E90A226FF0D5
:108AC0000101FDF7F1BE0000D0E90432934201D16B
:108AD000C2680AB9181D7047002070470369196001
:108AE0000021C2680132C260C269134482699342A4
:108AF000036124BF436A0361FDF7CABE38B504466B
:108B00000D46E3683BB162690020131D1268A36241
:108B10001344E36207E0237A33B929462046FDF780
:108B2000A7FE0028EDDA38BD6FF00100FBE700007A
:108B3000C368C269013BC3604369134482699342BD
:108B4000436124BF436A436100238362036B03B123
:108B50001847704770B53023044683F31188866A3E
:108B60003EB9FFF7CBFF054618B186F311882846BA
:108B700070BDA36AE26A13F8015B9342A36202D359
:108B80002046FFF7D5FF002383F31188EFE70000AD
:108B90002DE9F84F04460E46174698464FF0300927
:108BA00089F311880025AA46D4F828B0BBF1000F3C
:108BB00009D141462046FFF7A1FF20B18BF3118870
:108BC0002846BDE8F88FD4E90A12A7EB050B521A24
:108BD000934528BF9346BBF1400F1BD9334601F1A3
:108BE000400251F8040B914243F8040BF9D1A36AF7
:108BF000403640354033A362D4E90A239A4202D377
:108C00002046FFF795FF8AF31188BD42D8D289F339
:108C10001188C9E730465A46F9F790F8A36A5E44CE
:108C20005D445B44A362E7E710B5029C0433017224
:108C300003FB0421C460C0E906130023C0E90A3322
:108C4000039B0363049BC0E90000C0E90422C0E960
:108C50000842436310BD0000026A6FF00101C26068
:108C6000426AC0E904220022C0E90A22FDF71CBEC4
:108C7000D0E904239A4201D1C26822B9184650F8BB
:108C8000043B0B60704700231846FAE7C3680021D5
:108C9000C2690133C36043691344826993424361EB
:108CA00024BF436A4361FDF7F3BD000038B50446B5
:108CB0000D46E3683BB1236900201A1DA262E269F8
:108CC0001344E36207E0237A33B929462046FDF7CF
:108CD000CFFD0028EDDA38BD6FF00100FBE70000A2
:108CE00003691960C268013AC260C26913448269AB
:108CF0009342036124BF436A036100238362036BD1
:108D000003B118477047000070B530230D46044684
:108D1000114683F31188866A2EB9FFF7C7FF10B199
:108D200086F3118870BDA36A1D70A36AE26A0133DD
:108D30009342A36204D3E16920460439FFF7D0FFD0
:108D4000002080F31188EDE72DE9F84F04460D4629
:108D5000904699464FF0300A8AF311880026B346B0
:108D6000A76A4FB949462046FFF7A0FF20B187F315
:108D700011883046BDE8F88FD4E90A073A1AA8EB03
:108D80000607974228BF1746402F1BD905F140031D
:108D900055F8042B9D4240F8042BF9D1A36A4036C4
:108DA0004033A362D4E90A239A4204D3E1692046FE
:108DB0000439FFF795FF8BF311884645D9D28AF322
:108DC0001188CDE729463A46F8F7B8FFA36A3D4433
:108DD0003E443B44A362E5E7D0E904239A4217D11D
:108DE000C3689BB1836A8BB1043B9B1A0ED013609E
:108DF000C368013BC360C3691A4483699A42026134
:108E000024BF436A0361002383620123184670472D
:108E10000023FBE701F01F03F0B502F01F04560921
:108E20005A1C0123B6EB511F50F8265003FA02F3E7
:108E30004FEA511703F1FF333DBF50F82720C4F12B
:108E40002000134003EA05003BBF03FA00F225FAB5
:108E500004F0E0401043F0BD70B57E227F2105464E
:108E6000FFF7D8FF18B1012819D0002070BD3E22AD
:108E700049212846FFF7CEFF2F22044631212846FC
:108E8000FFF7C8FF06460134502202365321284618
:108E9000B440FFF7BFFF093804FA00F0E6E73022DC
:108EA00045212846FFF7B6FF01308002DEE70000CB
:108EB00090F8D63090F8D7201B0403EB026390F8AB
:108EC000D42090F8D500134403EB00207047000035
:108ED00000F018BA014B586A704700BF000C004000
:108EE000034B002258631A610222DA60704700BF08
:108EF000000C0040014B0022DA607047000C00407B
:108F0000014B5863704700BF000C0040024B034AFE
:108F10001A60034A5A6070478C6600203867002048
:108F200000000220074B494210B55C68201A084037
:108F30001968821A8A4203D3A24201D85A6010BD2E
:108F40000020FCE78C66002008B5302383F31188ED
:108F5000FFF7E8FF002383F3118808BD0448054BA1
:108F600003600023C0E901330C3000F017B900BFE3
:108F700094660020498F0008CB1D083A23F00703B0
:108F8000591A521A10B4D2080024C0E90043846070
:108F90000C301C605A605DF8044B00F0FFB8000014
:108FA0002DE9F74F364FCD1D8846002818BF0746DC
:108FB000082A4FEAD50538BF082207F10C003C1DEE
:108FC0009146019000F02CF9019809F10701C9F1CF
:108FD000000E2246246864B900F02CF93B68CBB33C
:108FE00008224946E8009847044698B340E90278C9
:108FF00030E004EB010CD4F804A00CEA0E0C0AF1EA
:109000000106ACF1080304EBC6069E42E1D9A6EBCB
:109010000C0CB5EBEC0F4FEAEC0BDAD89C421DD2EE
:1090200004F10802AB45A3EB02024FEAE2026260E0
:1090300009D9691CED4303EBC1025D445560256805
:1090400043F8315022601C46C3F8048044F8087B82
:1090500000F0F0F8204603B0BDE8F08FAA45216883
:1090600002D111602346EEE7013504EBC50344F855
:10907000351003F10801761AF6105E601360F1E70F
:109080009466002073B50446A0F1080550F8080C5A
:1090900054F8043C061D0C3007330190DB0844F8FB
:1090A000043C00F0BDF8334601989E421A6801D096
:1090B000AB4228D20AB1954225D244F8082C54F884
:1090C000042C1D60013254F8081C05EBC206B142A5
:1090D00006D14E68324444F8042C0A6844F8082C3F
:1090E0005E68711C03EBC1018D4207D154F8042C5A
:1090F000013232445A6054F8082C1A6002B0BDE8BC
:10910000704000F097B81346CFE70000FEE700007C
:1091100070B51E4B0025044686B058600E460563A8
:109120008163FEF7E1FB04F12803A5606563C4E9F0
:109130000A3304F11003C4E904334FF0FF33C4E9E8
:109140000044C4E90635FFF7C5FE2B46024604F18C
:109150003C012046C4E9082380230D4A6567FDF7DA
:1091600001FB7368E0600B4A03620123009280F800
:1091700024306846F26801923269CDE90223064B39
:10918000CDE90435FDF722FB06B070BD1049002083
:10919000909E0008889E00080D9100080023C0E9F9
:1091A000000083600361704770B51C4B05468468FE
:1091B000DE685CB3B44213D103690133036170BD4F
:1091C000A36094F8243083B1062B15D1A06A214600
:1091D000D4E9003213605A60FDF730FAA36A9C6844
:1091E000B368A2689A42EBD306E0D4E90032204685
:1091F00013605A60FDF732FA28463146FDF71EFA31
:10920000B5620620BDE87040FDF72ABA03698660A2
:1092100001330361336BC3603063D0E768460020DD
:1092200008B5302383F31188FFF7BEFF002383F3D3
:10923000118808BD194BD96883688B4210B520D1BD
:10924000302383F311880269013A0261B2B90468DC
:10925000C368A0420B631ED04A6B9BB901238A608E
:10926000036103681A68026050601A6B8360C26011
:1092700018631846FDF7F2F9FDF742FA002383F36D
:10928000118810BD1C68A34203D0A468A24238BF55
:109290002246DB68E1E78260F0E700BF6846002015
:1092A000024A536B18435063704700BF6846002062
:1092B00038B5EFF311859DB9EFF30584C4F30804C5
:1092C000302334B183F31188FDF726FC85F3118830
:1092D00038BD83F31188FDF71FFC84F3118838BD76
:1092E000BDE83840FDF718BC0023054A1946013394
:1092F000102BC2E9001102F10802F8D1704700BF3B
:10930000B4660020114BD3F8E82042F00802C3F8FD
:10931000E820D3F8102142F00802C3F810210C4ACB
:10932000D3F81031D36B43F00803D363C722094B42
:109330009A624FF0FF32DA6200229A615A63DA6071
:109340005A6001225A611A60704700BF00440258F7
:109350000010005C000C0040094A08B51169D36890
:109360000B40D9B29B076FEA0101116107D5302389
:1093700083F31188FDF7EAF9002383F3118808BD10
:10938000000C004010B501390244904201D1002088
:1093900005E0037811F8014FA34201D0181B10BD5E
:1093A0000130F2E72DE9F041A3B1C91A1778014461
:1093B000044603F1FF3C8C42204601D9002009E01D
:1093C0000578BD4204F10104F5D10CEB0405D61873
:1093D000A54201D1BDE8F08115F8018D16F801ED27
:1093E000F045F5D0E7E70000884210B501EB020434
:1093F00002D98442234607D8431EA14208D011F85F
:10940000012B03F8012FF8E7024401468A4200D1FC
:1094100010BD13F8014D02F8014DF7E7C9B203463C
:1094200010F8012B1AB18A42F9D118467047002969
:1094300018BF0023F9E70000034611F8012B03F8D9
:10944000012B002AF9D1704710B50139034632B11A
:1094500011F8014F03F8014B013A002CF7D11A44DF
:109460000021934200D110BD03F8011BF9E7000071
:109470004D4435002D2D0A002F6172647570696CA2
:109480006F742E6162696E002F6172647570696C11
:109490006F742D7665726966792E6162696E002F30
:1094A0006172647570696C6F742D666C6173682E7F
:1094B0006162696E002F6172647570696C6F742DE2
:1094C000666C61736865642E6162696E00000000FD
:1094D00000000000000000002D0F0008C90F000868
:1094E0007911000801100008C10F000800000000F9
:1094F00000000000290F0008D50F0008B111000876
:10950000250F0008310F000853544D333248373FC0
:109510003F3F0053544D3332483733782F3732783A
:109520000053544D3332483734332F3735332F37C8
:109530003530000001105A00031059000120580076
:109540000320560040A2E4F1646891060041A3E5BF
:10955000F2656992070000002F00000053756363F5
:1095600065737366756C6C79206D6F756E74656468
:10957000205344436172642028736C6F77646F7763
:109580006E3D2575290A0000EB76904558464154FA
:1095900020202000464154333220202000000000CB
:1095A0002A3A3C3E7C223F7F002B2C3B3D5B5D00FA
:1095B000435545414141414345454549494941415B
:1095C0004592924F4F4F5555594F554F9C4F9E9F27
:1095D00041494F55A5A5A6A7A8A9AAABACADAEAF6A
:1095E000B0B1B2B3B4414141B8B9BABBBCBDBEBF62
:1095F000C0C1C2C3C4C54141C8C9CACBCCCDCECFFE
:10960000D1D145454549494949D9DADBDCDD49DF56
:109610004FE14F4F4F4FE6E8E85555555959EEEF9A
:10962000F0F1F2F3F4F5F6F7F8F9FAFBFCFDFEFFC2
:1096300001030507090E10121416181C1E00000065
:1096400061001A03E0001703F8000703FF000100A0
:1096500078010001300132010601390110014A018F
:109660002E017901060180014D0043028101820132
:1096700082018401840186018701870189018A01B1
:109680008B018B018D018E018F0190019101910160
:1096900093019401F60196019701980198013D020A
:1096A0009B019C019D0120029F01A001A001A2013C
:1096B000A201A401A401A601A701A701A901AA0171
:1096C000AB01AC01AC01AE01AF01AF01B101B20120
:1096D000B301B301B501B501B701B801B801BA01D1
:1096E000BB01BC01BC01BE01F701C001C101C20147
:1096F000C301C401C501C401C701C801C701CA0132
:10970000CB01CA01CD011001DD0101008E01DE0196
:109710001201F3010300F101F401F401F801280141
:10972000220212013A020900652C3B023B023D0273
:10973000662C3F0240024102410246020A015302E6
:10974000400081018601550289018A0158028F017A
:109750005A0290015C025D025E025F0293016102A7
:109760006202940164026502660267029701960133
:109770006A02622C6C026D026E029C017002710220
:109780009D01730274029F017602770278027902CA
:109790007A027B027C02642C7E027F02A601810297
:1097A0008202A9018402850286028702AE01440278
:1097B000B101B20145028D028E028F029002910228
:1097C000B7017B030300FD03FE03FF03AC030400AA
:1097D0008603880389038A03B1031103C2030200CD
:1097E000A303A303C4030803CC0303008C038E0369
:1097F0008F03D8031801F2030A00F903F303F403FB
:10980000F503F603F703F703F903FA03FA03300449
:10981000200350041007600422018A043601C104A9
:109820000E01CF040100C004D004440161052604E8
:10983000000000007D1D0100632C001E9601A01E8B
:109840005A01001F0806101F0606201F0806301FB9
:109850000806401F0606511F0700591F521F5B1FB5
:10986000541F5D1F561F5F1F601F0806701F0E00EC
:10987000BA1FBB1FC81FC91FCA1FCB1FDA1FDB1FA0
:10988000F81FF91FEA1FEB1FFA1FFB1F801F0806B6
:10989000901F0806A01F0806B01F0400B81FB91FBC
:1098A000B21FBC1FCC1F0100C31FD01F0206E01F48
:1098B0000206E51F0100EC1FF31F0100FC1F4E21F3
:1098C0000100322170211002842101008321D02463
:1098D0001A05302C2F04602C0201672C0601752C10
:1098E0000201802C6401002D260841FF1A030000AC
:1098F000C700FC00E900E200E400E000E500E7004A
:10990000EA00EB00E800EF00EE00EC00C400C50048
:10991000C900E600C600F400F600F200FB00F90002
:10992000FF00D600DC00F800A300D800D7009201A9
:10993000E100ED00F300FA00F100D100AA00BA0046
:10994000BF00AE00AC00BD00BC00A100AB00BB007E
:1099500091259225932502252425C100C200C0002F
:10996000A9006325512557255D25A200A5001025D6
:10997000142534252C251C2500253C25E300C30097
:109980005A25542569256625602550256C25A40097
:10999000F000D000CA00CB00C8003101CD00CE00DD
:1099A000CF0018250C2588258425A600CC0080250D
:1099B000D300DF00D400D200F500D500B500FE00D2
:1099C000DE00DA00DB00D900FD00DD00AF00B400EE
:1099D000AD00B1001720BE00B600A700F700B80028
:1099E000B000A800B700B900B300B200A025A000E5
:1099F00010000240080002400008024000000B0076
:109A000028000240080002400408024006010C0041
:109A100040000240080002400808024010020D0009
:109A200058000240080002400C08024016030E00D5
:109A3000700002400C0002401008024000040F00B9
:109A4000880002400C000240140802400605100085
:109A5000A00002400C00024018080240100611004D
:109A6000B80002400C0002401C08024016072F00FC
:109A70001004024008040240200802400008380098
:109A80002804024008040240240802400609390064
:109A9000400402400804024028080240100A3A002C
:109AA00058040240080402402C080240160B3B00F8
:109AB000700402400C04024030080240000C3C00DC
:109AC000880402400C04024034080240060D4400A1
:109AD000A00402400C04024038080240100E450069
:109AE000B80402400C0402403C080240160F460035
:109AF00001000000000000000096000000000000CF
:109B00000000000000000000000000000000000055
:109B100000000000B56D0008B96D0008AD580008E0
:109B2000E55B000841580008695800089158000892
:109B30002958000800000000995C0008855C0008B6
:109B4000C15C0008AD5C0008B95C0008A55C0008B9
:109B5000915C00087D5C0008CD5C000800000000FE
:109B6000B15D00089D5D0008D95D0008C55D000875
:109B7000D15D0008BD5D0008A95D0008955D000885
:109B8000E55D00080000000001000000000000008A
:109B900063300000909B00080000000000000000FF
:109BA000E0460020104900200000802A000200004A
:109BB000AAAAAAAA00000024FFFF000000000000DB
:109BC00000A00A00800200A000000000AAAAAAAA21
:109BD00040010050FFFF00000090090000000099C4
:109BE0000000105600000000AAAAAAAA0000005512
:109BF000FFFB0000000000000000080020A15A0048
:109C0000000C0000AAAAAAAA10410500FFFF00004C
:109C1000000800BB77000000108002000000000078
:109C2000AAAAAAAA00400100FBFF000000000070E1
:109C3000070000000000000000000000AAAAAAAA75
:109C400000000000FFFF0000000000000000000016
:109C50000000000000000000AAAAAAAA000000005C
:109C6000FFFF0000000000000000000000000000F6
:109C700000000000AAAAAAAA00000000FFFF00003E
:109C800000000000000000000000000000000000D4
:109C9000AAAAAAAA00000000FFFF0000000000001E
:109CA000000000000000000000000000AAAAAAAA0C
:109CB00000000000FFFF00000000000000000000A6
:109CC0000000000000000000AAAAAAAA00000000EC
:109CD000FFFF00000000000000000000486F6C79EA
:109CE00062726F0025424F415244252D424C00259F
:109CF00053455249414C250002000000000000007D
:109D0000D15F00084160000840004000C0610020B1
:109D1000D0610020020000000000000003000000ED
:109D20000000000089600008000000001000000032
:109D3000E0610020000000000100000000000000C1
:109D40003C65002001010200B16E0008C16D0008F1
:109D50005D6E0008416E000843000000609D000831
:109D600009024300020100C032090400000102029E
:109D70000100052400100105240100010424020251
:109D80000524060001070582030800FF09040100FD
:109D9000020A0000000705010240000007058102D9
:109DA0004000000012000000AC9D000812011001EC
:109DB0000200004062315300000201020301000072
:109DC0000403090425424F41524425005069786834
:109DD00061776B36432D5550003031323334353690
:109DE0003738394142434445460000000000002016
:109DF000000002000200000000000030000004002B
:109E0000080000000000002400000800040000001A
:109E10000004000000FC000002000000000004300C
:109E20000080000008000000000000380000010071
:109E3000010000001F1C1F1E1F1E1F1F1E1F1E1FB4
:109E40001F1D1F1E1F1E1F1F1E1F1E1F00000000A4
:109E5000E56100089D640008496500084000400075
:109E600074660020746600200100000084660020F3
:109E70008000000040010000080000000001000018
:109E8000001000000800000069646C65000000001C
:109E90006D61696E002C0438040438080C10141C21
:109EA00020242526000000000000640401000400B6
:109EB00000000000000C001028303400AC65FF7F6B
:109EC0000100000000000000482700000000000022
:109ED00000001E0000000000FF00000018490020E4
:109EE000F83900208C3900202039002000000000C3
:109EF0000895000883040000139500085004000032
:109F000021950008010000000000000000960000FC
:109F10000000080096000000000800000400000097
:109F2000C09D0008000000000000000000000000CC
:0C9F300000000000000000000000000025
:00000001FF
